precinct_id,vap_18plus,white_vap,black_vap,hispanic_vap,native_vap,asian_vap,pacific_vap,multiracial_vap,white_vap_pct,black_vap_pct,hispanic_vap_pct,native_vap_pct,asian_vap_pct,pacific_vap_pct,multiracial_vap_pct
ADAMS - 001001,2337,1261,93,817,7,0,0,147,53.96,3.98,34.96,0.3,0.0,0.0,6.29
ADAMS - 001002,2105,1097,25,939,0,6,0,39,52.11,1.19,44.61,0.0,0.29,0.0,1.85
ADAMS - 001003,2096,1399,15,506,3,226,0,47,66.75,0.72,24.14,0.14,10.78,0.0,2.24
ADAMS - 001004,1257,351,11,802,6,57,0,34,27.92,0.88,63.8,0.48,4.53,0.0,2.7
ADAMS - 001005,1894,922,0,963,0,10,0,7,48.68,0.0,50.84,0.0,0.53,0.0,0.37
ADAMS - 001006,1671,660,9,818,7,10,0,35,39.5,0.54,48.95,0.42,0.6,0.0,2.09
ADAMS - 001007,1098,653,0,353,0,88,9,42,59.47,0.0,32.15,0.0,8.01,0.82,3.83
ADAMS - 001008,1215,705,0,193,12,242,0,63,58.02,0.0,15.88,0.99,19.92,0.0,5.19
ADAMS - 001009,881,651,0,156,14,11,0,49,73.89,0.0,17.71,1.59,1.25,0.0,5.56
ADAMS - 001010,2253,1210,74,808,0,115,13,34,53.71,3.28,35.86,0.0,5.1,0.58,1.51
ADAMS - 001011,3014,1117,38,1575,2,161,0,104,37.06,1.26,52.26,0.07,5.34,0.0,3.45
ADAMS - 001012,1566,974,49,513,0,21,0,9,62.2,3.13,32.76,0.0,1.34,0.0,0.57
ADAMS - 001013,1909,1265,11,520,72,23,0,18,66.27,0.58,27.24,3.77,1.2,0.0,0.94
ADAMS - 001014,1196,662,0,527,12,0,4,15,55.35,0.0,44.06,1.0,0.0,0.33,1.25
ADAMS - 001015,2941,1319,0,1440,0,42,0,116,44.85,0.0,48.96,0.0,1.43,0.0,3.94
ADAMS - 001016,1427,774,4,595,0,38,0,14,54.24,0.28,41.7,0.0,2.66,0.0,0.98
ADAMS - 001017,867,499,0,303,0,40,0,27,57.55,0.0,34.95,0.0,4.61,0.0,3.11
ADAMS - 001018,1481,756,0,665,0,33,0,13,51.05,0.0,44.9,0.0,2.23,0.0,0.88
ADAMS - 001019,1038,508,14,504,0,3,0,11,48.94,1.35,48.55,0.0,0.29,0.0,1.06
ADAMS - 001020,1581,539,0,873,10,120,0,39,34.09,0.0,55.22,0.63,7.59,0.0,2.47
ADAMS - 001021,2412,1298,0,1051,0,0,0,26,53.81,0.0,43.57,0.0,0.0,0.0,1.08
ADAMS - 001022,1716,604,0,918,43,0,88,79,35.2,0.0,53.5,2.51,0.0,5.13,4.6
ADAMS - 001023,1672,617,57,839,0,16,106,17,36.9,3.41,50.18,0.0,0.96,6.34,1.02
ADAMS - 001024,1598,750,56,786,0,0,9,16,46.93,3.5,49.19,0.0,0.0,0.56,1.0
ADAMS - 001025,1704,660,0,879,21,92,0,51,38.73,0.0,51.58,1.23,5.4,0.0,2.99
ADAMS - 001026,2561,1339,5,1078,0,117,0,20,52.28,0.2,42.09,0.0,4.57,0.0,0.78
ADAMS - 001027,1865,883,11,872,0,41,0,56,47.35,0.59,46.76,0.0,2.2,0.0,3.0
ADAMS - 001028,1638,660,49,865,0,21,0,65,40.29,2.99,52.81,0.0,1.28,0.0,3.97
ADAMS - 001029,2582,1211,255,998,0,91,0,27,46.9,9.88,38.65,0.0,3.52,0.0,1.05
ADAMS - 001030,1781,764,5,1006,0,9,0,0,42.9,0.28,56.49,0.0,0.51,0.0,0.0
ADAMS - 001031,1712,1029,12,463,6,147,4,28,60.11,0.7,27.04,0.35,8.59,0.23,1.64
ADAMS - 001032,1260,779,83,335,3,79,6,12,61.83,6.59,26.59,0.24,6.27,0.48,0.95
ADAMS - 001033,2128,1347,4,515,18,222,0,24,63.3,0.19,24.2,0.85,10.43,0.0,1.13
ADAMS - 001034,1354,685,14,590,21,23,0,21,50.59,1.03,43.57,1.55,1.7,0.0,1.55
ADAMS - 001035,1509,569,58,840,10,0,0,29,37.71,3.84,55.67,0.66,0.0,0.0,1.92
ADAMS - 001036,1183,993,0,173,20,0,0,0,83.94,0.0,14.62,1.69,0.0,0.0,0.0
ADAMS - 001037,1133,321,0,789,0,8,0,13,28.33,0.0,69.64,0.0,0.71,0.0,1.15
ADAMS - 001038,2208,1149,42,737,5,119,0,140,52.04,1.9,33.38,0.23,5.39,0.0,6.34
ADAMS - 001039,1402,764,0,491,16,20,0,144,54.49,0.0,35.02,1.14,1.43,0.0,10.27
ADAMS - 001040,984,606,24,240,0,103,0,1,61.59,2.44,24.39,0.0,10.47,0.0,0.1
ADAMS - 001041,1357,777,0,282,22,242,0,29,57.26,0.0,20.78,1.62,17.83,0.0,2.14
ADAMS - 001042,1199,575,40,372,0,169,0,43,47.96,3.34,31.03,0.0,14.1,0.0,3.59
ADAMS - 001043,933,864,0,67,0,4,0,5,92.6,0.0,7.18,0.0,0.43,0.0,0.54
ADAMS - 001044,1616,1120,0,439,0,18,0,32,69.31,0.0,27.17,0.0,1.11,0.0,1.98
ADAMS - 001045,624,441,29,131,0,28,0,6,70.67,4.65,20.99,0.0,4.49,0.0,0.96
ADAMS - 001046,607,470,11,64,0,45,0,8,77.43,1.81,10.54,0.0,7.41,0.0,1.32
ADAMS - 001047,1065,791,0,232,0,17,0,21,74.27,0.0,21.78,0.0,1.6,0.0,1.97
ADAMS - 001048,807,611,4,111,0,63,0,1,75.71,0.5,13.75,0.0,7.81,0.0,0.12
ADAMS - 001049,1217,895,4,245,0,74,0,0,73.54,0.33,20.13,0.0,6.08,0.0,0.0
ADAMS - 001050,1282,1119,0,44,0,70,0,49,87.29,0.0,3.43,0.0,5.46,0.0,3.82
ADAMS - 001051,2218,1205,63,898,13,2,0,23,54.33,2.84,40.49,0.59,0.09,0.0,1.04
ADAMS - 001052,2324,1091,53,752,0,309,0,120,46.94,2.28,32.36,0.0,13.3,0.0,5.16
ADAMS - 001053,1379,899,3,373,0,79,5,34,65.19,0.22,27.05,0.0,5.73,0.36,2.47
ADAMS - 001054,916,898,0,0,0,18,0,0,98.03,0.0,0.0,0.0,1.97,0.0,0.0
ADAMS - 001055,1183,886,2,225,0,69,0,0,74.89,0.17,19.02,0.0,5.83,0.0,0.0
ADAMS - 001056,1232,1016,0,168,0,60,0,5,82.47,0.0,13.64,0.0,4.87,0.0,0.41
ADAMS - 001057,1210,792,0,161,0,221,0,40,65.45,0.0,13.31,0.0,18.26,0.0,3.31
ADAMS - 001058,1461,1183,0,134,0,86,0,54,80.97,0.0,9.17,0.0,5.89,0.0,3.7
ADAMS - 001059,1151,977,0,136,0,38,0,0,84.88,0.0,11.82,0.0,3.3,0.0,0.0
ADAMS - 001060,1677,1282,0,350,0,65,0,0,76.45,0.0,20.87,0.0,3.88,0.0,0.0
ADAMS - 001061,1701,1314,38,266,0,66,0,6,77.25,2.23,15.64,0.0,3.88,0.0,0.35
ADAMS - 001062,1418,1106,17,244,0,36,0,5,78.0,1.2,17.21,0.0,2.54,0.0,0.35
ADAMS - 001063,1614,1141,9,213,145,49,0,57,70.69,0.56,13.2,8.98,3.04,0.0,3.53
ADAMS - 001064,2406,1534,44,602,8,49,0,169,63.76,1.83,25.02,0.33,2.04,0.0,7.02
ADAMS - 001065,1486,740,32,531,0,122,0,61,49.8,2.15,35.73,0.0,8.21,0.0,4.1
ADAMS - 001066,1048,524,8,420,0,31,0,0,50.0,0.76,40.08,0.0,2.96,0.0,0.0
ADAMS - 001067,989,857,9,141,0,47,0,0,86.65,0.91,14.26,0.0,4.75,0.0,0.0
ADAMS - 001068,1337,982,0,207,0,143,0,7,73.45,0.0,15.48,0.0,10.7,0.0,0.52
ADAMS - 001069,2046,1602,50,184,0,135,0,73,78.3,2.44,8.99,0.0,6.6,0.0,3.57
ADAMS - 001070,958,867,0,35,0,0,0,56,90.5,0.0,3.65,0.0,0.0,0.0,5.85
ADAMS - 001071,1223,925,80,137,0,71,0,13,75.63,6.54,11.2,0.0,5.81,0.0,1.06
ADAMS - 001072,933,638,4,211,0,41,0,27,68.38,0.43,22.62,0.0,4.39,0.0,2.89
ADAMS - 001073,2242,1814,0,339,0,60,0,28,80.91,0.0,15.12,0.0,2.68,0.0,1.25
ADAMS - 001074,1217,888,0,241,0,82,0,6,72.97,0.0,19.8,0.0,6.74,0.0,0.49
ADAMS - 001075,749,589,11,148,0,2,0,9,78.64,1.47,19.76,0.0,0.27,0.0,1.2
ADAMS - 001076,1376,808,67,312,4,42,0,110,58.72,4.87,22.67,0.29,3.05,0.0,7.99
ADAMS - 001077,1126,646,117,192,1,41,0,159,57.37,10.39,17.05,0.09,3.64,0.0,14.12
ADAMS - 001078,707,563,4,117,0,0,0,13,79.63,0.57,16.55,0.0,0.0,0.0,1.84
ADAMS - 001079,861,698,0,104,0,0,21,53,81.07,0.0,12.08,0.0,0.0,2.44,6.16
ADAMS - 001080,1145,827,38,224,0,9,0,0,72.23,3.32,19.56,0.0,0.79,0.0,0.0
ADAMS - 001081,964,784,6,137,0,10,0,17,81.33,0.62,14.21,0.0,1.04,0.0,1.76
ADAMS - 001082,952,804,0,109,0,16,0,88,84.45,0.0,11.45,0.0,1.68,0.0,9.24
ADAMS - 001083,1547,977,0,353,0,132,0,67,63.15,0.0,22.82,0.0,8.53,0.0,4.33
ADAMS - 001084,644,487,6,83,0,34,11,27,75.62,0.93,12.89,0.0,5.28,1.71,4.19
ADAMS - 001085,1131,1005,9,92,0,14,0,9,88.86,0.8,8.13,0.0,1.24,0.0,0.8
ADAMS - 001086,938,593,33,231,0,18,0,62,63.22,3.52,24.63,0.0,1.92,0.0,6.61
ADAMS - 001087,2997,1632,164,942,0,163,0,91,54.45,5.47,31.43,0.0,5.44,0.0,3.04
ADAMS - 001088,1878,1239,309,300,0,34,0,18,65.97,16.45,15.97,0.0,1.81,0.0,0.96
ADAMS - 001089,1687,1073,51,454,0,27,0,73,63.6,3.02,26.91,0.0,1.6,0.0,4.33
ADAMS - 001090,3015,1929,171,503,0,88,0,306,63.98,5.67,16.68,0.0,2.92,0.0,10.15
ADAMS - 001091,1479,1101,31,346,0,19,0,0,74.44,2.1,23.39,0.0,1.28,0.0,0.0
ADAMS - 001092,1717,1347,113,154,0,89,0,45,78.45,6.58,8.97,0.0,5.18,0.0,2.62
ADAMS - 001093,1830,1168,24,580,38,58,0,16,63.83,1.31,31.69,2.08,3.17,0.0,0.87
ADAMS - 001094,1558,913,19,524,12,6,0,31,58.6,1.22,33.63,0.77,0.39,0.0,1.99
ADAMS - 001095,1746,720,0,987,10,0,0,29,41.24,0.0,56.53,0.57,0.0,0.0,1.66
ADAMS - 001096,1391,766,50,433,0,74,0,37,55.07,3.59,31.13,0.0,5.32,0.0,2.66
ADAMS - 001097,1619,930,3,630,0,12,0,34,57.44,0.19,38.91,0.0,0.74,0.0,2.1
ADAMS - 001098,1018,600,10,385,0,0,0,0,58.94,0.98,37.82,0.0,0.0,0.0,0.0
ADAMS - 001099,1138,654,97,381,21,0,0,8,57.47,8.52,33.48,1.85,0.0,0.0,0.7
ADAMS - 001100,1749,995,17,698,15,5,0,19,56.89,0.97,39.91,0.86,0.29,0.0,1.09
ADAMS - 001101,2335,1430,0,839,0,61,0,5,61.24,0.0,35.93,0.0,2.61,0.0,0.21
ADAMS - 001102,1662,830,0,784,21,4,0,23,49.94,0.0,47.17,1.26,0.24,0.0,1.38
ADAMS - 001103,1163,667,19,387,7,32,7,44,57.35,1.63,33.28,0.6,2.75,0.6,3.78
ADAMS - 001104,1291,588,0,470,3,111,0,121,45.55,0.0,36.41,0.23,8.6,0.0,9.37
ADAMS - 001105,416,192,47,157,5,7,0,3,46.15,11.3,37.74,1.2,1.68,0.0,0.72
ADAMS - 001106,2246,1276,88,635,0,4,140,103,56.81,3.92,28.27,0.0,0.18,6.23,4.59
ADAMS - 001107,1812,1448,16,207,0,68,0,73,79.91,0.88,11.42,0.0,3.75,0.0,4.03
ADAMS - 001108,2333,1080,50,1053,45,92,0,21,46.29,2.14,45.14,1.93,3.94,0.0,0.9
ADAMS - 001109,1656,956,1,537,0,68,0,105,57.73,0.06,32.43,0.0,4.11,0.0,6.34
ADAMS - 001110,755,445,0,186,0,51,0,73,58.94,0.0,24.64,0.0,6.75,0.0,9.67
ADAMS - 001111,1976,597,34,1221,9,49,0,39,30.21,1.72,61.79,0.46,2.48,0.0,1.97
ADAMS - 001112,1430,418,45,901,29,8,0,0,29.23,3.15,63.01,2.03,0.56,0.0,0.0
ADAMS - 001113,1681,851,14,755,29,14,0,54,50.62,0.83,44.91,1.73,0.83,0.0,3.21
ADAMS - 001114,1298,427,111,654,0,65,0,74,32.9,8.55,50.39,0.0,5.01,0.0,5.7
ADAMS - 001115,1580,742,2,771,0,1,0,61,46.96,0.13,48.8,0.0,0.06,0.0,3.86
ADAMS - 001116,959,525,32,333,0,30,0,54,54.74,3.34,34.72,0.0,3.13,0.0,5.63
ADAMS - 001117,2334,1123,27,1067,11,105,0,27,48.11,1.16,45.72,0.47,4.5,0.0,1.16
ADAMS - 001118,1918,925,0,848,5,43,0,47,48.23,0.0,44.21,0.26,2.24,0.0,2.45
ADAMS - 001119,2221,867,123,1049,0,126,0,8,39.04,5.54,47.23,0.0,5.67,0.0,0.36
ADAMS - 001120,1799,840,33,782,0,118,0,17,46.69,1.83,43.47,0.0,6.56,0.0,0.94
ADAMS - 001121,1471,903,38,495,2,26,0,12,61.39,2.58,33.65,0.14,1.77,0.0,0.82
ADAMS - 001122,1197,358,41,670,2,35,0,128,29.91,3.43,55.97,0.17,2.92,0.0,10.69
ADAMS - 001123,2252,862,261,992,0,94,0,26,38.28,11.59,44.05,0.0,4.17,0.0,1.15
ADAMS - 001124,1545,336,66,1114,4,20,0,20,21.75,4.27,72.1,0.26,1.29,0.0,1.29
ADAMS - 001125,1238,505,0,679,6,0,0,42,40.79,0.0,54.85,0.48,0.0,0.0,3.39
ADAMS - 001126,1860,836,6,942,14,13,6,40,44.95,0.32,50.65,0.75,0.7,0.32,2.15
ADAMS - 001127,1348,442,0,864,13,13,0,18,32.79,0.0,64.09,0.96,0.96,0.0,1.34
ADAMS - 001128,2471,869,0,1547,5,0,6,44,35.17,0.0,62.61,0.2,0.0,0.24,1.78
ADAMS - 001129,2694,1194,52,1433,0,2,0,17,44.32,1.93,53.19,0.0,0.07,0.0,0.63
ADAMS - 001130,406,303,0,117,0,0,0,1,74.63,0.0,28.82,0.0,0.0,0.0,0.25
ADAMS - 001131,1319,610,22,656,61,15,0,0,46.25,1.67,49.73,4.62,1.14,0.0,0.0
ADAMS - 001132,2151,1062,39,837,72,94,0,47,49.37,1.81,38.91,3.35,4.37,0.0,2.19
ADAMS - 001133,2184,1206,25,840,0,63,0,0,55.22,1.14,38.46,0.0,2.88,0.0,0.0
ADAMS - 001134,1585,934,0,520,16,105,0,30,58.93,0.0,32.81,1.01,6.62,0.0,1.89
ADAMS - 001135,1888,1391,0,428,0,70,0,8,73.68,0.0,22.67,0.0,3.71,0.0,0.42
ADAMS - 001136,1100,640,15,382,0,0,8,64,58.18,1.36,34.73,0.0,0.0,0.73,5.82
ADAMS - 001137,1627,1013,0,406,0,135,4,50,62.26,0.0,24.95,0.0,8.3,0.25,3.07
ADAMS - 001138,1043,724,36,212,0,35,0,15,69.42,3.45,20.33,0.0,3.36,0.0,1.44
ADAMS - 001139,436,259,26,94,0,26,0,46,59.4,5.96,21.56,0.0,5.96,0.0,10.55
ADAMS - 001140,1070,615,0,373,2,20,0,24,57.48,0.0,34.86,0.19,1.87,0.0,2.24
ADAMS - 001141,1785,1185,0,538,8,22,0,61,66.39,0.0,30.14,0.45,1.23,0.0,3.42
ADAMS - 001142,1406,910,17,269,0,200,0,13,64.72,1.21,19.13,0.0,14.22,0.0,0.92
ADAMS - 001143,1422,623,174,476,0,56,0,70,43.81,12.24,33.47,0.0,3.94,0.0,4.92
ADAMS - 001144,1586,815,234,479,0,39,0,42,51.39,14.75,30.2,0.0,2.46,0.0,2.65
ADAMS - 001145,1896,1187,2,566,29,87,0,32,62.61,0.11,29.85,1.53,4.59,0.0,1.69
ADAMS - 001146,1618,1099,43,389,10,15,0,69,67.92,2.66,24.04,0.62,0.93,0.0,4.26
ADAMS - 001147,2042,1366,0,621,9,24,0,0,66.9,0.0,30.41,0.44,1.18,0.0,0.0
ADAMS - 001148,1103,782,38,225,0,32,0,26,70.9,3.45,20.4,0.0,2.9,0.0,2.36
ADAMS - 001149,949,682,0,146,0,76,0,8,71.87,0.0,15.38,0.0,8.01,0.0,0.84
ADAMS - 001150,1980,1524,25,389,0,39,0,28,76.97,1.26,19.65,0.0,1.97,0.0,1.41
ADAMS - 001151,1412,1095,0,220,0,54,0,49,77.55,0.0,15.58,0.0,3.82,0.0,3.47
ADAMS - 001152,1585,890,50,388,0,174,0,90,56.15,3.15,24.48,0.0,10.98,0.0,5.68
ADAMS - 001153,1168,683,0,458,0,16,0,4,58.48,0.0,39.21,0.0,1.37,0.0,0.34
ADAMS - 001154,74,46,0,25,0,0,0,0,62.16,0.0,33.78,0.0,0.0,0.0,0.0
ADAMS - 001155,500,310,0,195,0,2,0,0,62.0,0.0,39.0,0.0,0.4,0.0,0.0
ADAMS - 001156,533,341,22,156,0,9,0,5,63.98,4.13,29.27,0.0,1.69,0.0,0.94
ADAMS - 001157,1090,621,0,376,0,81,0,5,56.97,0.0,34.5,0.0,7.43,0.0,0.46
ADAMS - 001158,1312,904,4,369,35,0,0,0,68.9,0.3,28.12,2.67,0.0,0.0,0.0
ADAMS - 001159,1779,1307,27,188,10,211,0,36,73.47,1.52,10.57,0.56,11.86,0.0,2.02
ADAMS - 001160,970,498,0,231,0,235,0,16,51.34,0.0,23.81,0.0,24.23,0.0,1.65
ADAMS - 001161,481,349,24,90,0,0,0,0,72.56,4.99,18.71,0.0,0.0,0.0,0.0
ADAMS - 001162,1032,804,2,175,1,21,0,22,77.91,0.19,16.96,0.1,2.03,0.0,2.13
ADAMS - 001163,755,537,7,177,3,12,0,26,71.13,0.93,23.44,0.4,1.59,0.0,3.44
ADAMS - 001164,583,445,0,145,0,6,0,1,76.33,0.0,24.87,0.0,1.03,0.0,0.17
ADAMS - 001165,1572,1507,0,80,0,0,0,0,95.87,0.0,5.09,0.0,0.0,0.0,0.0
ADAMS - 001166,573,443,0,115,0,18,0,2,77.31,0.0,20.07,0.0,3.14,0.0,0.35
ADAMS - 001167,704,548,0,132,0,23,0,2,77.84,0.0,18.75,0.0,3.27,0.0,0.28
ADAMS - 001168,1193,788,0,253,0,126,0,28,66.05,0.0,21.21,0.0,10.56,0.0,2.35
ADAMS - 001169,574,439,0,102,0,11,0,4,76.48,0.0,17.77,0.0,1.92,0.0,0.7
ADAMS - 001170,1859,847,7,930,5,0,0,56,45.56,0.38,50.03,0.27,0.0,0.0,3.01
ADAMS - 001171,1638,1000,39,586,11,5,0,33,61.05,2.38,35.78,0.67,0.31,0.0,2.01
ADAMS - 001172,1133,751,94,234,9,5,0,24,66.28,8.3,20.65,0.79,0.44,0.0,2.12
ADAMS - 001173,126,85,0,28,0,11,0,0,67.46,0.0,22.22,0.0,8.73,0.0,0.0
ADAMS - 001174,709,555,0,123,0,18,0,9,78.28,0.0,17.35,0.0,2.54,0.0,1.27
ADAMS - 001175,1302,706,54,469,0,56,0,19,54.22,4.15,36.02,0.0,4.3,0.0,1.46
ADAMS - 001176,471,265,43,124,0,27,0,10,56.26,9.13,26.33,0.0,5.73,0.0,2.12
ADAMS - 001177,918,562,17,218,4,64,0,41,61.22,1.85,23.75,0.44,6.97,0.0,4.47
ADAMS - 001178,20,9,0,1,0,0,0,4,45.0,0.0,5.0,0.0,0.0,0.0,20.0
ADAMS - 001179,57,38,0,11,0,10,0,7,66.67,0.0,19.3,0.0,17.54,0.0,12.28
ADAMS - 001180,1746,1218,28,349,8,66,0,86,69.76,1.6,19.99,0.46,3.78,0.0,4.93
ADAMS - 001181,1566,1015,26,327,0,139,0,59,64.81,1.66,20.88,0.0,8.88,0.0,3.77
ADAMS - 001182,922,553,6,329,0,0,0,43,59.98,0.65,35.68,0.0,0.0,0.0,4.66
ADAMS - 001183,373,235,6,113,0,0,0,10,63.0,1.61,30.29,0.0,0.0,0.0,2.68
ADAMS - 001184,603,312,29,224,0,0,0,39,51.74,4.81,37.15,0.0,0.0,0.0,6.47
ADAMS - 001185,691,381,0,290,0,0,0,19,55.14,0.0,41.97,0.0,0.0,0.0,2.75
ADAMS - 001186,1592,898,97,567,0,0,0,27,56.41,6.09,35.62,0.0,0.0,0.0,1.7
ADAMS - 001187,1350,866,68,389,0,0,0,23,64.15,5.04,28.81,0.0,0.0,0.0,1.7
ADAMS - 001188,756,524,7,180,0,0,0,45,69.31,0.93,23.81,0.0,0.0,0.0,5.95
ADAMS - 001189,1015,780,0,175,0,21,0,56,76.85,0.0,17.24,0.0,2.07,0.0,5.52
ADAMS - 001190,1560,971,0,476,0,17,0,72,62.24,0.0,30.51,0.0,1.09,0.0,4.62
ADAMS - 001191,2489,1445,15,947,0,4,60,37,58.06,0.6,38.05,0.0,0.16,2.41,1.49
ADAMS - 001192,1480,621,35,785,0,0,0,30,41.96,2.36,53.04,0.0,0.0,0.0,2.03
ADAMS - 001193,1135,780,0,293,7,23,0,32,68.72,0.0,25.81,0.62,2.03,0.0,2.82
ADAMS - 001194,919,583,3,265,1,12,7,26,63.44,0.33,28.84,0.11,1.31,0.76,2.83
ADAMS - 001195,687,559,3,100,1,21,0,50,81.37,0.44,14.56,0.15,3.06,0.0,7.28
ADAMS - 001196,331,147,2,128,1,8,0,5,44.41,0.6,38.67,0.3,2.42,0.0,1.51
ADAMS - 001197,729,491,3,165,1,32,0,47,67.35,0.41,22.63,0.14,4.39,0.0,6.45
ADAMS - 001198,1156,682,5,445,1,0,0,26,59.0,0.43,38.49,0.09,0.0,0.0,2.25
ADAMS - 001199,1332,937,10,238,0,47,0,89,70.35,0.75,17.87,0.0,3.53,0.0,6.68
ADAMS - 001200,175,154,3,15,0,8,0,15,88.0,1.71,8.57,0.0,4.57,0.0,8.57
ADAMS - 001201,637,453,35,102,0,17,0,46,71.11,5.49,16.01,0.0,2.67,0.0,7.22
ADAMS - 001202,1111,708,27,210,0,90,0,33,63.73,2.43,18.9,0.0,8.1,0.0,2.97
ADAMS - 001203,963,712,36,142,0,63,0,17,73.94,3.74,14.75,0.0,6.54,0.0,1.77
ADAMS - 001204,767,536,0,181,0,18,0,34,69.88,0.0,23.6,0.0,2.35,0.0,4.43
ADAMS - 001205,1672,1116,10,512,0,0,0,20,66.75,0.6,30.62,0.0,0.0,0.0,1.2
ADAMS - 001206,1821,979,0,765,0,51,0,49,53.76,0.0,42.01,0.0,2.8,0.0,2.69
ADAMS - 001207,956,540,0,340,0,44,0,17,56.49,0.0,35.56,0.0,4.6,0.0,1.78
ADAMS - 001208,1168,515,70,400,0,34,0,73,44.09,5.99,34.25,0.0,2.91,0.0,6.25
ADAMS - 001209,1783,1077,155,384,0,158,0,85,60.4,8.69,21.54,0.0,8.86,0.0,4.77
ADAMS - 001210,2604,1115,112,1061,0,193,0,114,42.82,4.3,40.75,0.0,7.41,0.0,4.38
ADAMS - 001211,671,280,35,285,0,21,0,59,41.73,5.22,42.47,0.0,3.13,0.0,8.79
ADAMS - 001212,981,557,142,189,0,33,0,65,56.78,14.48,19.27,0.0,3.36,0.0,6.63
ADAMS - 001213,1404,755,250,290,0,41,10,39,53.77,17.81,20.66,0.0,2.92,0.71,2.78
ADAMS - 001214,1664,923,118,408,0,39,8,145,55.47,7.09,24.52,0.0,2.34,0.48,8.71
ADAMS - 001215,1739,1023,0,674,11,15,0,49,58.83,0.0,38.76,0.63,0.86,0.0,2.82
ADAMS - 001216,1933,832,130,867,0,80,0,29,43.04,6.73,44.85,0.0,4.14,0.0,1.5
ADAMS - 001217,988,549,64,343,0,0,0,27,55.57,6.48,34.72,0.0,0.0,0.0,2.73
ADAMS - 001218,1186,617,38,529,0,7,0,13,52.02,3.2,44.6,0.0,0.59,0.0,1.1
ADAMS - 001219,991,464,75,480,0,0,0,4,46.82,7.57,48.44,0.0,0.0,0.0,0.4
ADAMS - 001220,337,116,47,184,0,0,0,13,34.42,13.95,54.6,0.0,0.0,0.0,3.86
ADAMS - 001221,739,380,21,255,0,1,0,13,51.42,2.84,34.51,0.0,0.14,0.0,1.76
ADAMS - 001222,808,395,56,290,0,40,0,27,48.89,6.93,35.89,0.0,4.95,0.0,3.34
ADAMS - 001223,10,0,0,5,0,1,0,1,0.0,0.0,50.0,0.0,10.0,0.0,10.0
ADAMS - 001224,54,35,0,8,0,5,0,1,64.81,0.0,14.81,0.0,9.26,0.0,1.85
ADAMS - 001225,297,245,1,55,0,1,0,5,82.49,0.34,18.52,0.0,0.34,0.0,1.68
ADAMS - 001226,327,234,0,76,0,8,0,5,71.56,0.0,23.24,0.0,2.45,0.0,1.53
ADAMS - 001227,299,235,0,57,0,0,0,0,78.6,0.0,19.06,0.0,0.0,0.0,0.0
ADAMS - 001228,797,633,0,131,0,0,0,43,79.42,0.0,16.44,0.0,0.0,0.0,5.4
ADAMS - 001229,2596,662,571,1055,8,208,0,72,25.5,22.0,40.64,0.31,8.01,0.0,2.77
ADAMS - 001230,2223,1293,266,727,18,21,0,35,58.16,11.97,32.7,0.81,0.94,0.0,1.57
ADAMS - 001231,2219,967,329,758,27,63,1,35,43.58,14.83,34.16,1.22,2.84,0.05,1.58
ADAMS - 001232,3129,1710,269,603,94,254,8,179,54.65,8.6,19.27,3.0,8.12,0.26,5.72
ADAMS - 001233,1974,406,485,936,0,79,0,69,20.57,24.57,47.42,0.0,4.0,0.0,3.5
ADAMS - 001234,1111,378,172,433,0,6,0,122,34.02,15.48,38.97,0.0,0.54,0.0,10.98
ADAMS - 001235,996,351,20,409,0,46,0,170,35.24,2.01,41.06,0.0,4.62,0.0,17.07
ADAMS - 001236,1411,324,366,561,0,86,0,76,22.96,25.94,39.76,0.0,6.09,0.0,5.39
ADAMS - 001237,1406,404,73,887,0,14,0,28,28.73,5.19,63.09,0.0,1.0,0.0,1.99
ADAMS - 001238,1271,778,37,302,1,34,0,28,61.21,2.91,23.76,0.08,2.68,0.0,2.2
ADAMS - 001239,1859,861,179,748,0,78,0,5,46.32,9.63,40.24,0.0,4.2,0.0,0.27
ADAMS - 001240,4165,1040,1751,899,1,259,5,295,24.97,42.04,21.58,0.02,6.22,0.12,7.08
ADAMS - 001241,689,313,0,139,2,0,0,33,45.43,0.0,20.17,0.29,0.0,0.0,4.79
ADAMS - 001242,876,544,0,186,0,19,0,335,62.1,0.0,21.23,0.0,2.17,0.0,38.24
ADAMS - 001243,1309,1017,2,294,0,1,0,14,77.69,0.15,22.46,0.0,0.08,0.0,1.07
ADAMS - 001244,862,761,0,80,0,0,0,8,88.28,0.0,9.28,0.0,0.0,0.0,0.93
ADAMS - 001245,476,404,0,59,0,4,0,2,84.87,0.0,12.39,0.0,0.84,0.0,0.42
ADAMS - 001246,1819,1296,47,423,19,8,0,25,71.25,2.58,23.25,1.04,0.44,0.0,1.37
ADAMS - 001247,1142,878,13,230,0,0,0,17,76.88,1.14,20.14,0.0,0.0,0.0,1.49
ADAMS - 001248,1057,880,23,151,0,0,0,22,83.25,2.18,14.29,0.0,0.0,0.0,2.08
ADAMS - 001249,379,276,0,80,0,0,0,4,72.82,0.0,21.11,0.0,0.0,0.0,1.06
ADAMS - 001250,1950,781,126,833,4,114,0,94,40.05,6.46,42.72,0.21,5.85,0.0,4.82
ADAMS - 001251,1462,1094,63,289,0,8,0,11,74.83,4.31,19.77,0.0,0.55,0.0,0.75
ADAMS - 001252,1343,966,26,200,0,97,0,57,71.93,1.94,14.89,0.0,7.22,0.0,4.24
ADAMS - 001253,849,352,156,181,13,49,0,29,41.46,18.37,21.32,1.53,5.77,0.0,3.42
ADAMS - 001254,1532,680,0,837,6,0,0,18,44.39,0.0,54.63,0.39,0.0,0.0,1.17
ADAMS - 001255,1153,496,2,632,0,15,0,3,43.02,0.17,54.81,0.0,1.3,0.0,0.26
ALAMOSA - 003001,912,470,0,348,11,0,0,65,51.54,0.0,38.16,1.21,0.0,0.0,7.13
ALAMOSA - 003002,1492,964,97,355,10,39,14,39,64.61,6.5,23.79,0.67,2.61,0.94,2.61
ALAMOSA - 003003,1731,1027,41,575,0,64,0,0,59.33,2.37,33.22,0.0,3.7,0.0,0.0
ALAMOSA - 003004,2224,1179,67,942,4,0,0,64,53.01,3.01,42.36,0.18,0.0,0.0,2.88
ALAMOSA - 003005,963,781,5,100,8,0,0,48,81.1,0.52,10.38,0.83,0.0,0.0,4.98
ALAMOSA - 003006,1123,431,0,616,35,17,0,17,38.38,0.0,54.85,3.12,1.51,0.0,1.51
ALAMOSA - 003007,2817,710,24,2074,9,10,0,36,25.2,0.85,73.62,0.32,0.35,0.0,1.28
ALAMOSA - 003008,860,611,1,211,0,0,0,3,71.05,0.12,24.53,0.0,0.0,0.0,0.35
ARAPAHOE - 005101,1940,1028,54,717,85,0,0,49,52.99,2.78,36.96,4.38,0.0,0.0,2.53
ARAPAHOE - 005102,1550,1011,27,411,42,17,0,92,65.23,1.74,26.52,2.71,1.1,0.0,5.94
ARAPAHOE - 005103,1071,585,11,339,0,47,0,31,54.62,1.03,31.65,0.0,4.39,0.0,2.89
ARAPAHOE - 005104,880,449,1,265,0,29,0,13,51.02,0.11,30.11,0.0,3.3,0.0,1.48
ARAPAHOE - 005105,2192,1834,73,172,6,50,0,72,83.67,3.33,7.85,0.27,2.28,0.0,3.28
ARAPAHOE - 005106,732,650,10,44,0,92,0,0,88.8,1.37,6.01,0.0,12.57,0.0,0.0
ARAPAHOE - 005107,1181,905,9,275,3,0,0,10,76.63,0.76,23.29,0.25,0.0,0.0,0.85
ARAPAHOE - 005108,844,677,6,91,1,33,0,19,80.21,0.71,10.78,0.12,3.91,0.0,2.25
ARAPAHOE - 005109,702,577,0,81,0,13,0,8,82.19,0.0,11.54,0.0,1.85,0.0,1.14
ARAPAHOE - 005110,535,434,10,76,0,15,0,1,81.12,1.87,14.21,0.0,2.8,0.0,0.19
ARAPAHOE - 005111,1976,1517,64,243,16,52,2,49,76.77,3.24,12.3,0.81,2.63,0.1,2.48
ARAPAHOE - 005112,891,696,4,161,1,37,3,17,78.11,0.45,18.07,0.11,4.15,0.34,1.91
ARAPAHOE - 005113,1057,821,28,138,0,36,0,24,77.67,2.65,13.06,0.0,3.41,0.0,2.27
ARAPAHOE - 005114,1558,902,180,410,39,9,5,32,57.89,11.55,26.32,2.5,0.58,0.32,2.05
ARAPAHOE - 005115,1353,1074,23,194,11,6,0,48,79.38,1.7,14.34,0.81,0.44,0.0,3.55
ARAPAHOE - 005116,1631,1326,17,172,9,4,0,81,81.3,1.04,10.55,0.55,0.25,0.0,4.97
ARAPAHOE - 005117,2071,1397,117,407,0,41,18,112,67.46,5.65,19.65,0.0,1.98,0.87,5.41
ARAPAHOE - 005118,984,842,12,85,0,9,0,29,85.57,1.22,8.64,0.0,0.91,0.0,2.95
ARAPAHOE - 005119,765,694,0,37,0,22,0,21,90.72,0.0,4.84,0.0,2.88,0.0,2.75
ARAPAHOE - 005120,1020,776,247,43,0,0,0,17,76.08,24.22,4.22,0.0,0.0,0.0,1.67
ARAPAHOE - 005121,737,609,38,24,0,7,0,20,82.63,5.16,3.26,0.0,0.95,0.0,2.71
ARAPAHOE - 005122,845,595,6,145,0,89,0,35,70.41,0.71,17.16,0.0,10.53,0.0,4.14
ARAPAHOE - 005123,1274,1194,2,72,0,0,2,16,93.72,0.16,5.65,0.0,0.0,0.16,1.26
ARAPAHOE - 005124,1482,1159,65,252,0,0,11,7,78.21,4.39,17.0,0.0,0.0,0.74,0.47
ARAPAHOE - 005125,929,687,67,112,0,15,0,42,73.95,7.21,12.06,0.0,1.61,0.0,4.52
ARAPAHOE - 005126,1158,788,57,226,5,2,0,57,68.05,4.92,19.52,0.43,0.17,0.0,4.92
ARAPAHOE - 005127,184,95,30,49,0,2,0,5,51.63,16.3,26.63,0.0,1.09,0.0,2.72
ARAPAHOE - 005128,365,290,23,35,0,0,0,7,79.45,6.3,9.59,0.0,0.0,0.0,1.92
ARAPAHOE - 005129,601,500,0,67,0,5,0,35,83.19,0.0,11.15,0.0,0.83,0.0,5.82
ARAPAHOE - 005130,1087,991,0,66,0,5,0,10,91.17,0.0,6.07,0.0,0.46,0.0,0.92
ARAPAHOE - 005131,964,887,9,55,0,5,0,12,92.01,0.93,5.71,0.0,0.52,0.0,1.24
ARAPAHOE - 005132,1025,904,19,26,0,55,0,17,88.2,1.85,2.54,0.0,5.37,0.0,1.66
ARAPAHOE - 005133,750,699,0,30,0,21,0,0,93.2,0.0,4.0,0.0,2.8,0.0,0.0
ARAPAHOE - 005134,590,535,0,18,0,25,0,12,90.68,0.0,3.05,0.0,4.24,0.0,2.03
ARAPAHOE - 005135,397,342,0,22,0,9,0,16,86.15,0.0,5.54,0.0,2.27,0.0,4.03
ARAPAHOE - 005136,808,757,0,30,0,11,0,18,93.69,0.0,3.71,0.0,1.36,0.0,2.23
ARAPAHOE - 005137,953,872,17,31,0,28,0,5,91.5,1.78,3.25,0.0,2.94,0.0,0.52
ARAPAHOE - 005138,402,328,16,49,0,0,0,5,81.59,3.98,12.19,0.0,0.0,0.0,1.24
ARAPAHOE - 005139,685,569,54,59,0,0,0,7,83.07,7.88,8.61,0.0,0.0,0.0,1.02
ARAPAHOE - 005140,698,468,0,230,0,0,0,0,67.05,0.0,32.95,0.0,0.0,0.0,0.0
ARAPAHOE - 005141,505,468,0,15,5,5,0,4,92.67,0.0,2.97,0.99,0.99,0.0,0.79
ARAPAHOE - 005142,728,643,32,30,7,6,0,1,88.32,4.4,4.12,0.96,0.82,0.0,0.14
ARAPAHOE - 005143,1153,932,26,151,0,6,0,7,80.83,2.25,13.1,0.0,0.52,0.0,0.61
ARAPAHOE - 005144,861,764,0,83,8,12,0,11,88.73,0.0,9.64,0.93,1.39,0.0,1.28
ARAPAHOE - 005145,605,511,26,61,0,0,0,7,84.46,4.3,10.08,0.0,0.0,0.0,1.16
ARAPAHOE - 005146,669,634,0,29,0,4,0,5,94.77,0.0,4.33,0.0,0.6,0.0,0.75
ARAPAHOE - 005147,812,697,0,98,0,12,0,10,85.84,0.0,12.07,0.0,1.48,0.0,1.23
ARAPAHOE - 005148,569,458,0,95,0,13,0,2,80.49,0.0,16.7,0.0,2.28,0.0,0.35
ARAPAHOE - 005149,1552,1500,6,25,0,24,0,12,96.65,0.39,1.61,0.0,1.55,0.0,0.77
ARAPAHOE - 005150,1205,972,0,135,0,20,28,22,80.66,0.0,11.2,0.0,1.66,2.32,1.83
ARAPAHOE - 005151,1279,922,126,204,0,42,1,45,72.09,9.85,15.95,0.0,3.28,0.08,3.52
ARAPAHOE - 005152,922,734,32,127,0,7,0,4,79.61,3.47,13.77,0.0,0.76,0.0,0.43
ARAPAHOE - 005153,2327,1834,120,182,9,23,0,152,78.81,5.16,7.82,0.39,0.99,0.0,6.53
ARAPAHOE - 005154,1286,1058,11,128,0,0,0,100,82.27,0.86,9.95,0.0,0.0,0.0,7.78
ARAPAHOE - 005155,1001,909,18,47,0,11,0,15,90.81,1.8,4.7,0.0,1.1,0.0,1.5
ARAPAHOE - 005156,447,418,0,15,0,8,0,3,93.51,0.0,3.36,0.0,1.79,0.0,0.67
ARAPAHOE - 005157,714,636,0,34,0,55,0,0,89.08,0.0,4.76,0.0,7.7,0.0,0.0
ARAPAHOE - 005158,985,820,0,123,0,0,0,50,83.25,0.0,12.49,0.0,0.0,0.0,5.08
ARAPAHOE - 005159,778,641,23,110,3,15,0,10,82.39,2.96,14.14,0.39,1.93,0.0,1.29
ARAPAHOE - 005160,1193,974,3,155,25,0,0,17,81.64,0.25,12.99,2.1,0.0,0.0,1.42
ARAPAHOE - 005161,924,826,0,32,0,100,0,0,89.39,0.0,3.46,0.0,10.82,0.0,0.0
ARAPAHOE - 005162,1088,869,11,165,3,18,0,25,79.87,1.01,15.17,0.28,1.65,0.0,2.3
ARAPAHOE - 005163,1414,1107,0,238,8,7,0,45,78.29,0.0,16.83,0.57,0.5,0.0,3.18
ARAPAHOE - 005164,902,746,33,81,0,26,0,14,82.71,3.66,8.98,0.0,2.88,0.0,1.55
ARAPAHOE - 005165,1122,968,13,91,0,0,0,52,86.27,1.16,8.11,0.0,0.0,0.0,4.63
ARAPAHOE - 005166,362,329,0,20,0,0,0,11,90.88,0.0,5.52,0.0,0.0,0.0,3.04
ARAPAHOE - 005167,717,644,0,39,0,16,0,18,89.82,0.0,5.44,0.0,2.23,0.0,2.51
ARAPAHOE - 005168,920,799,1,89,0,5,0,10,86.85,0.11,9.67,0.0,0.54,0.0,1.09
ARAPAHOE - 005169,1124,927,3,189,0,10,0,6,82.47,0.27,16.81,0.0,0.89,0.0,0.53
ARAPAHOE - 005170,1231,1024,0,129,3,25,0,51,83.18,0.0,10.48,0.24,2.03,0.0,4.14
ARAPAHOE - 005171,1543,1375,12,94,0,8,0,47,89.11,0.78,6.09,0.0,0.52,0.0,3.05
ARAPAHOE - 005172,907,843,0,48,0,21,0,7,92.94,0.0,5.29,0.0,2.32,0.0,0.77
ARAPAHOE - 005173,1296,1059,11,105,0,82,0,53,81.71,0.85,8.1,0.0,6.33,0.0,4.09
ARAPAHOE - 005174,787,723,0,26,0,24,0,7,91.87,0.0,3.3,0.0,3.05,0.0,0.89
ARAPAHOE - 005175,911,764,0,98,0,18,0,7,83.86,0.0,10.76,0.0,1.98,0.0,0.77
ARAPAHOE - 005176,1328,1190,3,88,2,0,0,37,89.61,0.23,6.63,0.15,0.0,0.0,2.79
ARAPAHOE - 005177,1194,1052,14,110,0,8,0,34,88.11,1.17,9.21,0.0,0.67,0.0,2.85
ARAPAHOE - 005178,1142,868,13,191,0,27,0,31,76.01,1.14,16.73,0.0,2.36,0.0,2.71
ARAPAHOE - 005179,822,719,0,81,0,5,0,13,87.47,0.0,9.85,0.0,0.61,0.0,1.58
ARAPAHOE - 005180,995,941,0,27,0,21,0,32,94.57,0.0,2.71,0.0,2.11,0.0,3.22
ARAPAHOE - 005181,872,773,9,57,2,7,0,11,88.65,1.03,6.54,0.23,0.8,0.0,1.26
ARAPAHOE - 005182,890,819,0,61,0,5,0,6,92.02,0.0,6.85,0.0,0.56,0.0,0.67
ARAPAHOE - 005183,1713,1283,55,320,0,62,0,0,74.9,3.21,18.68,0.0,3.62,0.0,0.0
ARAPAHOE - 005184,765,591,46,99,0,23,0,4,77.25,6.01,12.94,0.0,3.01,0.0,0.52
ARAPAHOE - 005185,992,838,56,36,0,32,0,20,84.48,5.65,3.63,0.0,3.23,0.0,2.02
ARAPAHOE - 005186,711,643,0,55,0,8,0,8,90.44,0.0,7.74,0.0,1.13,0.0,1.13
ARAPAHOE - 005187,1020,825,0,137,0,55,4,0,80.88,0.0,13.43,0.0,5.39,0.39,0.0
ARAPAHOE - 005188,551,449,4,52,0,18,0,30,81.49,0.73,9.44,0.0,3.27,0.0,5.44
ARAPAHOE - 005189,1035,895,30,28,0,29,0,44,86.47,2.9,2.71,0.0,2.8,0.0,4.25
ARAPAHOE - 005190,1275,1115,30,19,38,90,0,3,87.45,2.35,1.49,2.98,7.06,0.0,0.24
ARAPAHOE - 005191,1056,846,17,48,0,101,0,48,80.11,1.61,4.55,0.0,9.56,0.0,4.55
ARAPAHOE - 005192,1191,1062,0,31,0,79,0,36,89.17,0.0,2.6,0.0,6.63,0.0,3.02
ARAPAHOE - 005193,858,768,0,33,0,21,0,25,89.51,0.0,3.85,0.0,2.45,0.0,2.91
ARAPAHOE - 005194,1151,1027,0,69,3,14,0,36,89.23,0.0,5.99,0.26,1.22,0.0,3.13
ARAPAHOE - 005195,836,777,0,46,2,8,0,0,92.94,0.0,5.5,0.24,0.96,0.0,0.0
ARAPAHOE - 005196,621,531,0,73,0,15,0,2,85.51,0.0,11.76,0.0,2.42,0.0,0.32
ARAPAHOE - 005197,695,637,0,56,0,3,0,4,91.65,0.0,8.06,0.0,0.43,0.0,0.58
ARAPAHOE - 005201,324,323,0,2,0,0,0,5,99.69,0.0,0.62,0.0,0.0,0.0,1.54
ARAPAHOE - 005202,324,323,4,0,0,0,0,5,99.69,1.23,0.0,0.0,0.0,0.0,1.54
ARAPAHOE - 005203,716,672,0,5,8,0,0,18,93.85,0.0,0.7,1.12,0.0,0.0,2.51
ARAPAHOE - 005204,1469,1366,0,18,0,57,0,28,92.99,0.0,1.23,0.0,3.88,0.0,1.91
ARAPAHOE - 005205,718,568,0,98,10,0,15,23,79.11,0.0,13.65,1.39,0.0,2.09,3.2
ARAPAHOE - 005206,613,565,9,17,0,0,0,15,92.17,1.47,2.77,0.0,0.0,0.0,2.45
ARAPAHOE - 005207,1130,1012,23,54,0,0,8,44,89.56,2.04,4.78,0.0,0.0,0.71,3.89
ARAPAHOE - 005208,1115,1003,18,75,0,19,0,11,89.96,1.61,6.73,0.0,1.7,0.0,0.99
ARAPAHOE - 005209,885,807,19,14,0,0,0,28,91.19,2.15,1.58,0.0,0.0,0.0,3.16
ARAPAHOE - 005210,1751,1562,11,120,0,27,0,37,89.21,0.63,6.85,0.0,1.54,0.0,2.11
ARAPAHOE - 005211,741,555,1,45,0,124,0,13,74.9,0.13,6.07,0.0,16.73,0.0,1.75
ARAPAHOE - 005212,1452,1301,7,94,0,30,0,23,89.6,0.48,6.47,0.0,2.07,0.0,1.58
ARAPAHOE - 005213,1156,1026,43,43,0,3,0,18,88.75,3.72,3.72,0.0,0.26,0.0,1.56
ARAPAHOE - 005214,858,731,15,86,0,1,0,48,85.2,1.75,10.02,0.0,0.12,0.0,5.59
ARAPAHOE - 005215,665,594,5,39,0,9,0,0,89.32,0.75,5.86,0.0,1.35,0.0,0.0
ARAPAHOE - 005216,833,760,17,0,0,34,0,10,91.24,2.04,0.0,0.0,4.08,0.0,1.2
ARAPAHOE - 005217,841,775,0,31,0,25,0,6,92.15,0.0,3.69,0.0,2.97,0.0,0.71
ARAPAHOE - 005218,1226,1067,0,108,0,37,0,6,87.03,0.0,8.81,0.0,3.02,0.0,0.49
ARAPAHOE - 005219,1018,910,0,21,0,19,0,80,89.39,0.0,2.06,0.0,1.87,0.0,7.86
ARAPAHOE - 005220,758,589,10,102,0,31,0,26,77.7,1.32,13.46,0.0,4.09,0.0,3.43
ARAPAHOE - 005221,612,586,8,27,0,0,0,5,95.75,1.31,4.41,0.0,0.0,0.0,0.82
ARAPAHOE - 005222,805,758,0,65,0,3,0,5,94.16,0.0,8.07,0.0,0.37,0.0,0.62
ARAPAHOE - 005223,1217,935,8,126,0,29,0,81,76.83,0.66,10.35,0.0,2.38,0.0,6.66
ARAPAHOE - 005224,947,840,20,45,0,26,0,14,88.7,2.11,4.75,0.0,2.75,0.0,1.48
ARAPAHOE - 005225,1204,1155,1,18,0,3,0,45,95.93,0.08,1.5,0.0,0.25,0.0,3.74
ARAPAHOE - 005226,684,579,11,21,0,10,0,49,84.65,1.61,3.07,0.0,1.46,0.0,7.16
ARAPAHOE - 005227,612,558,5,35,0,0,0,10,91.18,0.82,5.72,0.0,0.0,0.0,1.63
ARAPAHOE - 005228,639,513,27,57,0,0,29,13,80.28,4.23,8.92,0.0,0.0,4.54,2.03
ARAPAHOE - 005229,1148,1026,0,49,7,36,0,30,89.37,0.0,4.27,0.61,3.14,0.0,2.61
ARAPAHOE - 005230,0,0,0,0,0,0,0,0,0.0,0.0,0.0,0.0,0.0,0.0,0.0
ARAPAHOE - 005231,1437,871,50,285,0,184,0,47,60.61,3.48,19.83,0.0,12.8,0.0,3.27
ARAPAHOE - 005232,2065,1866,22,64,0,82,0,31,90.36,1.07,3.1,0.0,3.97,0.0,1.5
ARAPAHOE - 005233,1505,976,58,168,0,171,0,132,64.85,3.85,11.16,0.0,11.36,0.0,8.77
ARAPAHOE - 005234,1363,1151,27,89,11,71,0,21,84.45,1.98,6.53,0.81,5.21,0.0,1.54
ARAPAHOE - 005235,650,551,0,24,0,50,0,0,84.77,0.0,3.69,0.0,7.69,0.0,0.0
ARAPAHOE - 005236,721,550,133,37,0,28,0,24,76.28,18.45,5.13,0.0,3.88,0.0,3.33
ARAPAHOE - 005237,1094,926,0,90,0,28,49,10,84.64,0.0,8.23,0.0,2.56,4.48,0.91
ARAPAHOE - 005238,1149,842,36,166,0,3,0,67,73.28,3.13,14.45,0.0,0.26,0.0,5.83
ARAPAHOE - 005239,1066,948,0,23,0,41,0,54,88.93,0.0,2.16,0.0,3.85,0.0,5.07
ARAPAHOE - 005240,1534,1214,0,48,47,131,0,60,79.14,0.0,3.13,3.06,8.54,0.0,3.91
ARAPAHOE - 005241,825,825,0,0,0,0,0,0,100.0,0.0,0.0,0.0,0.0,0.0,0.0
ARAPAHOE - 005242,660,573,0,0,0,75,0,46,86.82,0.0,0.0,0.0,11.36,0.0,6.97
ARAPAHOE - 005243,2159,1350,461,236,3,68,4,9,62.53,21.35,10.93,0.14,3.15,0.19,0.42
ARAPAHOE - 005244,1296,884,10,51,6,280,0,49,68.21,0.77,3.94,0.46,21.6,0.0,3.78
ARAPAHOE - 005245,449,358,2,10,0,68,0,7,79.73,0.45,2.23,0.0,15.14,0.0,1.56
ARAPAHOE - 005246,1102,938,0,45,0,112,0,7,85.12,0.0,4.08,0.0,10.16,0.0,0.64
ARAPAHOE - 005247,1569,1030,14,314,8,117,0,93,65.65,0.89,20.01,0.51,7.46,0.0,5.93
ARAPAHOE - 005248,689,533,22,50,6,52,0,10,77.36,3.19,7.26,0.87,7.55,0.0,1.45
ARAPAHOE - 005249,790,776,5,10,0,17,0,0,98.23,0.63,1.27,0.0,2.15,0.0,0.0
ARAPAHOE - 005250,911,800,7,44,0,56,0,6,87.82,0.77,4.83,0.0,6.15,0.0,0.66
ARAPAHOE - 005251,1368,1042,0,26,0,172,0,105,76.17,0.0,1.9,0.0,12.57,0.0,7.68
ARAPAHOE - 005252,1299,1176,8,23,0,66,0,38,90.53,0.62,1.77,0.0,5.08,0.0,2.93
ARAPAHOE - 005253,1520,1193,14,97,0,198,0,15,78.49,0.92,6.38,0.0,13.03,0.0,0.99
ARAPAHOE - 005254,360,297,0,52,0,7,0,3,82.5,0.0,14.44,0.0,1.94,0.0,0.83
ARAPAHOE - 005255,1560,1036,167,142,0,103,0,123,66.41,10.71,9.1,0.0,6.6,0.0,7.88
ARAPAHOE - 005256,0,0,0,0,0,0,0,0,0.0,0.0,0.0,0.0,0.0,0.0,0.0
ARAPAHOE - 005257,1200,764,63,114,0,240,0,23,63.67,5.25,9.5,0.0,20.0,0.0,1.92
ARAPAHOE - 005258,749,430,44,169,4,39,0,77,57.41,5.87,22.56,0.53,5.21,0.0,10.28
ARAPAHOE - 005259,2698,1526,387,400,2,256,0,94,56.56,14.34,14.83,0.07,9.49,0.0,3.48
ARAPAHOE - 005260,1860,1181,239,331,0,114,0,43,63.49,12.85,17.8,0.0,6.13,0.0,2.31
ARAPAHOE - 005261,1567,891,211,77,0,193,48,141,56.86,13.47,4.91,0.0,12.32,3.06,9.0
ARAPAHOE - 005262,1469,1119,58,114,0,134,0,41,76.17,3.95,7.76,0.0,9.12,0.0,2.79
ARAPAHOE - 005263,962,756,28,63,0,105,0,30,78.59,2.91,6.55,0.0,10.91,0.0,3.12
ARAPAHOE - 005264,1254,918,58,48,0,178,0,25,73.21,4.63,3.83,0.0,14.19,0.0,1.99
ARAPAHOE - 005265,1123,785,42,167,0,32,0,124,69.9,3.74,14.87,0.0,2.85,0.0,11.04
ARAPAHOE - 005266,1049,630,80,209,0,28,0,41,60.06,7.63,19.92,0.0,2.67,0.0,3.91
ARAPAHOE - 005267,1021,585,19,373,0,32,0,33,57.3,1.86,36.53,0.0,3.13,0.0,3.23
ARAPAHOE - 005268,932,641,62,140,5,40,0,23,68.78,6.65,15.02,0.54,4.29,0.0,2.47
ARAPAHOE - 005269,996,767,74,111,0,0,0,44,77.01,7.43,11.14,0.0,0.0,0.0,4.42
ARAPAHOE - 005270,1538,1030,188,158,0,56,1,84,66.97,12.22,10.27,0.0,3.64,0.07,5.46
ARAPAHOE - 005271,1015,468,5,453,0,35,10,35,46.11,0.49,44.63,0.0,3.45,0.99,3.45
ARAPAHOE - 005272,820,476,134,119,0,72,0,25,58.05,16.34,14.51,0.0,8.78,0.0,3.05
ARAPAHOE - 005273,1024,590,215,130,10,38,0,95,57.62,21.0,12.7,0.98,3.71,0.0,9.28
ARAPAHOE - 005274,1303,852,128,117,0,166,0,46,65.39,9.82,8.98,0.0,12.74,0.0,3.53
ARAPAHOE - 005275,603,343,55,131,0,35,0,28,56.88,9.12,21.72,0.0,5.8,0.0,4.64
ARAPAHOE - 005276,372,305,0,42,0,12,0,9,81.99,0.0,11.29,0.0,3.23,0.0,2.42
ARAPAHOE - 005277,967,774,34,127,0,19,0,23,80.04,3.52,13.13,0.0,1.96,0.0,2.38
ARAPAHOE - 005278,423,316,24,66,4,14,0,11,74.7,5.67,15.6,0.95,3.31,0.0,2.6
ARAPAHOE - 005279,829,650,15,102,6,23,0,21,78.41,1.81,12.3,0.72,2.77,0.0,2.53
ARAPAHOE - 005280,945,632,23,183,0,72,0,35,66.88,2.43,19.37,0.0,7.62,0.0,3.7
ARAPAHOE - 005281,1373,1066,26,61,13,172,0,29,77.64,1.89,4.44,0.95,12.53,0.0,2.11
ARAPAHOE - 005282,1291,833,83,122,0,187,0,28,64.52,6.43,9.45,0.0,14.48,0.0,2.17
ARAPAHOE - 005283,846,535,144,17,0,160,0,7,63.24,17.02,2.01,0.0,18.91,0.0,0.83
ARAPAHOE - 005284,989,610,94,193,0,84,0,14,61.68,9.5,19.51,0.0,8.49,0.0,1.42
ARAPAHOE - 005285,522,412,17,47,0,29,0,38,78.93,3.26,9.0,0.0,5.56,0.0,7.28
ARAPAHOE - 005286,2904,1960,103,422,14,223,0,188,67.49,3.55,14.53,0.48,7.68,0.0,6.47
ARAPAHOE - 005301,570,347,17,180,0,8,0,29,60.88,2.98,31.58,0.0,1.4,0.0,5.09
ARAPAHOE - 005302,1414,953,101,326,0,11,4,19,67.4,7.14,23.06,0.0,0.78,0.28,1.34
ARAPAHOE - 005303,1067,761,98,158,5,46,0,6,71.32,9.18,14.81,0.47,4.31,0.0,0.56
ARAPAHOE - 005304,1120,575,99,339,0,82,0,18,51.34,8.84,30.27,0.0,7.32,0.0,1.61
ARAPAHOE - 005305,1247,917,83,144,0,58,0,45,73.54,6.66,11.55,0.0,4.65,0.0,3.61
ARAPAHOE - 005306,851,571,124,113,23,9,0,11,67.1,14.57,13.28,2.7,1.06,0.0,1.29
ARAPAHOE - 005307,1336,595,387,131,0,35,0,188,44.54,28.97,9.81,0.0,2.62,0.0,14.07
ARAPAHOE - 005308,931,688,68,100,40,26,0,14,73.9,7.3,10.74,4.3,2.79,0.0,1.5
ARAPAHOE - 005309,1435,668,252,182,74,229,0,50,46.55,17.56,12.68,5.16,15.96,0.0,3.48
ARAPAHOE - 005310,1498,543,290,222,0,364,0,118,36.25,19.36,14.82,0.0,24.3,0.0,7.88
ARAPAHOE - 005311,1654,931,257,138,0,186,0,105,56.29,15.54,8.34,0.0,11.25,0.0,6.35
ARAPAHOE - 005312,2026,1162,241,398,0,78,0,81,57.35,11.9,19.64,0.0,3.85,0.0,4.0
ARAPAHOE - 005313,1525,799,212,295,0,52,0,158,52.39,13.9,19.34,0.0,3.41,0.0,10.36
ARAPAHOE - 005314,1032,693,116,234,0,9,0,53,67.15,11.24,22.67,0.0,0.87,0.0,5.14
ARAPAHOE - 005315,1177,586,85,282,0,155,0,70,49.79,7.22,23.96,0.0,13.17,0.0,5.95
ARAPAHOE - 005316,1074,765,86,183,0,37,0,12,71.23,8.01,17.04,0.0,3.45,0.0,1.12
ARAPAHOE - 005317,989,579,53,282,0,7,0,47,58.54,5.36,28.51,0.0,0.71,0.0,4.75
ARAPAHOE - 005318,1297,713,133,282,0,47,0,135,54.97,10.25,21.74,0.0,3.62,0.0,10.41
ARAPAHOE - 005319,1953,1120,163,526,0,64,0,80,57.35,8.35,26.93,0.0,3.28,0.0,4.1
ARAPAHOE - 005320,1818,1074,220,324,37,112,0,54,59.08,12.1,17.82,2.04,6.16,0.0,2.97
ARAPAHOE - 005321,1495,1035,110,83,0,198,0,74,69.23,7.36,5.55,0.0,13.24,0.0,4.95
ARAPAHOE - 005322,1203,976,61,64,0,85,0,17,81.13,5.07,5.32,0.0,7.07,0.0,1.41
ARAPAHOE - 005323,39,35,0,0,0,3,0,0,89.74,0.0,0.0,0.0,7.69,0.0,0.0
ARAPAHOE - 005324,456,356,13,38,0,44,0,7,78.07,2.85,8.33,0.0,9.65,0.0,1.54
ARAPAHOE - 005325,1494,1258,53,91,0,74,0,27,84.2,3.55,6.09,0.0,4.95,0.0,1.81
ARAPAHOE - 005326,1059,1025,8,16,0,0,0,10,96.79,0.76,1.51,0.0,0.0,0.0,0.94
ARAPAHOE - 005327,1194,792,123,132,0,126,0,22,66.33,10.3,11.06,0.0,10.55,0.0,1.84
ARAPAHOE - 005328,275,254,3,10,0,9,0,4,92.36,1.09,3.64,0.0,3.27,0.0,1.45
ARAPAHOE - 005329,1740,1269,205,144,0,102,8,6,72.93,11.78,8.28,0.0,5.86,0.46,0.34
ARAPAHOE - 005330,1932,1319,169,106,33,282,0,23,68.27,8.75,5.49,1.71,14.6,0.0,1.19
ARAPAHOE - 005331,752,612,11,73,0,30,0,13,81.38,1.46,9.71,0.0,3.99,0.0,1.73
ARAPAHOE - 005332,1111,896,47,104,0,42,0,22,80.65,4.23,9.36,0.0,3.78,0.0,1.98
ARAPAHOE - 005333,953,549,99,66,0,226,0,13,57.61,10.39,6.93,0.0,23.71,0.0,1.36
ARAPAHOE - 005334,2066,1363,38,555,23,25,0,49,65.97,1.84,26.86,1.11,1.21,0.0,2.37
ARAPAHOE - 005335,1643,1066,134,207,20,175,0,54,64.88,8.16,12.6,1.22,10.65,0.0,3.29
ARAPAHOE - 005336,1984,993,163,644,0,77,0,71,50.05,8.22,32.46,0.0,3.88,0.0,3.58
ARAPAHOE - 005337,1731,749,405,209,0,163,0,205,43.27,23.4,12.07,0.0,9.42,0.0,11.84
ARAPAHOE - 005338,1241,972,74,128,0,81,0,6,78.32,5.96,10.31,0.0,6.53,0.0,0.48
ARAPAHOE - 005339,1384,990,50,175,0,137,0,31,71.53,3.61,12.64,0.0,9.9,0.0,2.24
ARAPAHOE - 005340,3476,1821,686,275,30,439,0,246,52.39,19.74,7.91,0.86,12.63,0.0,7.08
ARAPAHOE - 005341,1862,978,153,337,0,208,0,201,52.52,8.22,18.1,0.0,11.17,0.0,10.79
ARAPAHOE - 005342,2115,1308,99,206,0,64,16,407,61.84,4.68,9.74,0.0,3.03,0.76,19.24
ARAPAHOE - 005343,1401,797,178,185,0,111,0,117,56.89,12.71,13.2,0.0,7.92,0.0,8.35
ARAPAHOE - 005344,1558,728,203,387,0,172,24,35,46.73,13.03,24.84,0.0,11.04,1.54,2.25
ARAPAHOE - 005345,498,222,131,74,0,40,0,29,44.58,26.31,14.86,0.0,8.03,0.0,5.82
ARAPAHOE - 005346,1152,749,61,231,0,92,0,28,65.02,5.3,20.05,0.0,7.99,0.0,2.43
ARAPAHOE - 005347,1775,895,324,262,3,137,0,124,50.42,18.25,14.76,0.17,7.72,0.0,6.99
ARAPAHOE - 005348,0,0,0,0,0,0,0,0,0.0,0.0,0.0,0.0,0.0,0.0,0.0
ARAPAHOE - 005349,0,0,0,0,0,0,0,0,0.0,0.0,0.0,0.0,0.0,0.0,0.0
ARAPAHOE - 005350,18,13,2,1,0,2,0,0,72.22,11.11,5.56,0.0,11.11,0.0,0.0
ARAPAHOE - 005351,2437,1637,150,254,0,194,0,198,67.17,6.16,10.42,0.0,7.96,0.0,8.12
ARAPAHOE - 005352,1819,1117,170,367,0,114,0,56,61.41,9.35,20.18,0.0,6.27,0.0,3.08
ARAPAHOE - 005353,989,785,32,61,0,99,0,10,79.37,3.24,6.17,0.0,10.01,0.0,1.01
ARAPAHOE - 005354,1666,1330,112,125,0,75,0,22,79.83,6.72,7.5,0.0,4.5,0.0,1.32
ARAPAHOE - 005355,3865,2626,300,612,0,223,0,92,67.94,7.76,15.83,0.0,5.77,0.0,2.38
ARAPAHOE - 005356,1662,1255,91,204,0,48,0,53,75.51,5.48,12.27,0.0,2.89,0.0,3.19
ARAPAHOE - 005357,6,3,0,3,0,0,0,0,50.0,0.0,50.0,0.0,0.0,0.0,0.0
ARAPAHOE - 005358,84,55,18,11,0,13,0,5,65.48,21.43,13.1,0.0,15.48,0.0,5.95
ARAPAHOE - 005359,0,0,0,0,0,0,0,0,0.0,0.0,0.0,0.0,0.0,0.0,0.0
ARAPAHOE - 005360,2590,1404,330,765,0,14,0,30,54.21,12.74,29.54,0.0,0.54,0.0,1.16
ARAPAHOE - 005361,4,4,0,1,0,0,0,0,100.0,0.0,25.0,0.0,0.0,0.0,0.0
ARAPAHOE - 005362,1290,1073,50,169,0,7,0,20,83.18,3.88,13.1,0.0,0.54,0.0,1.55
ARAPAHOE - 005363,1229,992,21,153,6,8,0,45,80.72,1.71,12.45,0.49,0.65,0.0,3.66
ARAPAHOE - 005364,1713,1294,30,352,10,1,0,38,75.54,1.75,20.55,0.58,0.06,0.0,2.22
ARAPAHOE - 005365,1110,880,4,190,5,8,0,25,79.28,0.36,17.12,0.45,0.72,0.0,2.25
ARAPAHOE - 005366,891,743,20,97,1,9,0,14,83.39,2.24,10.89,0.11,1.01,0.0,1.57
ARAPAHOE - 005367,1254,1003,20,88,0,130,0,13,79.98,1.59,7.02,0.0,10.37,0.0,1.04
ARAPAHOE - 005368,1029,649,33,299,0,48,0,36,63.07,3.21,29.06,0.0,4.66,0.0,3.5
ARAPAHOE - 005369,1555,823,263,206,8,172,0,39,52.93,16.91,13.25,0.51,11.06,0.0,2.51
ARAPAHOE - 005370,1828,1068,294,201,0,224,0,33,58.42,16.08,11.0,0.0,12.25,0.0,1.81
ARAPAHOE - 005371,1293,501,224,371,0,149,30,25,38.75,17.32,28.69,0.0,11.52,2.32,1.93
ARAPAHOE - 005372,2128,1400,141,226,0,205,0,157,65.79,6.63,10.62,0.0,9.63,0.0,7.38
ARAPAHOE - 005373,1499,1123,33,185,0,112,0,58,74.92,2.2,12.34,0.0,7.47,0.0,3.87
ARAPAHOE - 005374,2387,1164,461,466,0,201,19,70,48.76,19.31,19.52,0.0,8.42,0.8,2.93
ARAPAHOE - 005375,1828,1379,234,138,2,83,7,69,75.44,12.8,7.55,0.11,4.54,0.38,3.77
ARAPAHOE - 005376,1390,1077,83,57,0,60,10,26,77.48,5.97,4.1,0.0,4.32,0.72,1.87
ARAPAHOE - 005377,2533,2113,132,107,0,199,0,1,83.42,5.21,4.22,0.0,7.86,0.0,0.04
ARAPAHOE - 005378,1535,1073,88,172,0,108,0,88,69.9,5.73,11.21,0.0,7.04,0.0,5.73
ARAPAHOE - 005379,924,676,83,52,0,96,9,13,73.16,8.98,5.63,0.0,10.39,0.97,1.41
ARAPAHOE - 005380,1194,900,56,126,10,36,3,56,75.38,4.69,10.55,0.84,3.02,0.25,4.69
ARAPAHOE - 005381,2227,1280,400,279,3,133,0,157,57.48,17.96,12.53,0.13,5.97,0.0,7.05
ARAPAHOE - 005401,1938,1177,207,370,0,119,0,50,60.73,10.68,19.09,0.0,6.14,0.0,2.58
ARAPAHOE - 005402,0,0,0,0,0,0,0,0,0.0,0.0,0.0,0.0,0.0,0.0,0.0
ARAPAHOE - 005403,1327,778,323,201,0,25,0,0,58.63,24.34,15.15,0.0,1.88,0.0,0.0
ARAPAHOE - 005404,1334,833,257,239,0,52,0,21,62.44,19.27,17.92,0.0,3.9,0.0,1.57
ARAPAHOE - 005405,1308,729,271,96,36,106,0,70,55.73,20.72,7.34,2.75,8.1,0.0,5.35
ARAPAHOE - 005406,363,233,0,110,0,0,4,16,64.19,0.0,30.3,0.0,0.0,1.1,4.41
ARAPAHOE - 005407,2046,1340,240,293,0,59,0,46,65.49,11.73,14.32,0.0,2.88,0.0,2.25
ARAPAHOE - 005408,1072,450,45,77,0,61,0,439,41.98,4.2,7.18,0.0,5.69,0.0,40.95
ARAPAHOE - 005409,1881,884,653,267,0,0,0,92,47.0,34.72,14.19,0.0,0.0,0.0,4.89
ARAPAHOE - 005410,1581,1086,18,360,0,83,0,34,68.69,1.14,22.77,0.0,5.25,0.0,2.15
ARAPAHOE - 005411,2243,955,586,314,0,310,0,78,42.58,26.13,14.0,0.0,13.82,0.0,3.48
ARAPAHOE - 005412,2359,1037,680,350,0,201,0,91,43.96,28.83,14.84,0.0,8.52,0.0,3.86
ARAPAHOE - 005413,1575,491,461,465,0,78,0,80,31.17,29.27,29.52,0.0,4.95,0.0,5.08
ARAPAHOE - 005414,1036,665,158,155,8,23,0,27,64.19,15.25,14.96,0.77,2.22,0.0,2.61
ARAPAHOE - 005416,1914,1010,465,209,0,70,0,160,52.77,24.29,10.92,0.0,3.66,0.0,8.36
ARAPAHOE - 005417,1277,549,138,430,0,86,0,74,42.99,10.81,33.67,0.0,6.73,0.0,5.79
ARAPAHOE - 005418,1209,661,152,58,0,281,0,57,54.67,12.57,4.8,0.0,23.24,0.0,4.71
ARAPAHOE - 005419,1759,1038,335,48,18,342,0,14,59.01,19.04,2.73,1.02,19.44,0.0,0.8
ARAPAHOE - 005420,1734,824,223,311,0,165,44,167,47.52,12.86,17.94,0.0,9.52,2.54,9.63
ARAPAHOE - 005421,832,505,287,22,4,46,0,6,60.7,34.5,2.64,0.48,5.53,0.0,0.72
ARAPAHOE - 005422,753,551,29,59,7,33,0,0,73.17,3.85,7.84,0.93,4.38,0.0,0.0
ARAPAHOE - 005423,1736,1276,116,297,5,27,0,15,73.5,6.68,17.11,0.29,1.56,0.0,0.86
ARAPAHOE - 005424,15,13,0,0,0,0,0,1,86.67,0.0,0.0,0.0,0.0,0.0,6.67
ARAPAHOE - 005425,969,761,56,143,8,2,0,0,78.53,5.78,14.76,0.83,0.21,0.0,0.0
ARAPAHOE - 005426,691,438,27,203,0,22,0,0,63.39,3.91,29.38,0.0,3.18,0.0,0.0
ARAPAHOE - 005427,1531,917,185,289,0,115,0,25,59.9,12.08,18.88,0.0,7.51,0.0,1.63
ARAPAHOE - 005428,1141,937,50,65,12,65,0,12,82.12,4.38,5.7,1.05,5.7,0.0,1.05
ARAPAHOE - 005429,899,419,53,211,0,210,0,34,46.61,5.9,23.47,0.0,23.36,0.0,3.78
ARAPAHOE - 005430,1394,888,231,140,0,70,0,37,63.7,16.57,10.04,0.0,5.02,0.0,2.65
ARAPAHOE - 005431,892,476,156,81,10,19,0,112,53.36,17.49,9.08,1.12,2.13,0.0,12.56
ARAPAHOE - 005432,1600,410,763,311,0,93,0,25,25.62,47.69,19.44,0.0,5.81,0.0,1.56
ARAPAHOE - 005433,1498,801,313,181,45,49,0,145,53.47,20.89,12.08,3.0,3.27,0.0,9.68
ARAPAHOE - 005434,1265,594,278,202,0,124,0,67,46.96,21.98,15.97,0.0,9.8,0.0,5.3
ARAPAHOE - 005435,1469,592,322,481,14,0,0,54,40.3,21.92,32.74,0.95,0.0,0.0,3.68
ARAPAHOE - 005436,1715,624,511,437,0,57,0,86,36.38,29.8,25.48,0.0,3.32,0.0,5.01
ARAPAHOE - 005437,1332,669,228,282,0,157,0,6,50.23,17.12,21.17,0.0,11.79,0.0,0.45
ARAPAHOE - 005438,1905,1080,292,238,0,152,0,180,56.69,15.33,12.49,0.0,7.98,0.0,9.45
ARAPAHOE - 005439,1204,825,190,108,0,9,0,31,68.52,15.78,8.97,0.0,0.75,0.0,2.57
ARAPAHOE - 005440,767,721,0,42,0,0,0,0,94.0,0.0,5.48,0.0,0.0,0.0,0.0
ARAPAHOE - 005441,749,743,0,10,0,0,0,0,99.2,0.0,1.34,0.0,0.0,0.0,0.0
ARAPAHOE - 005442,664,533,44,25,0,10,25,16,80.27,6.63,3.77,0.0,1.51,3.77,2.41
ARAPAHOE - 005443,473,407,14,10,0,7,18,28,86.05,2.96,2.11,0.0,1.48,3.81,5.92
ARAPAHOE - 005444,1082,816,28,205,5,2,0,14,75.42,2.59,18.95,0.46,0.18,0.0,1.29
ARAPAHOE - 005445,742,650,60,20,0,6,0,15,87.6,8.09,2.7,0.0,0.81,0.0,2.02
ARAPAHOE - 005446,1019,734,193,28,0,67,0,15,72.03,18.94,2.75,0.0,6.58,0.0,1.47
ARAPAHOE - 005447,1085,575,261,177,0,22,28,20,53.0,24.06,16.31,0.0,2.03,2.58,1.84
ARAPAHOE - 005448,1981,1264,212,354,0,98,0,37,63.81,10.7,17.87,0.0,4.95,0.0,1.87
ARAPAHOE - 005449,925,578,117,183,0,31,0,30,62.49,12.65,19.78,0.0,3.35,0.0,3.24
ARAPAHOE - 005450,1630,936,306,184,6,85,0,121,57.42,18.77,11.29,0.37,5.21,0.0,7.42
ARAPAHOE - 005451,1458,1032,183,120,1,47,1,21,70.78,12.55,8.23,0.07,3.22,0.07,1.44
ARAPAHOE - 005452,1014,626,237,100,0,42,1,23,61.74,23.37,9.86,0.0,4.14,0.1,2.27
ARAPAHOE - 005453,577,463,14,31,1,48,0,4,80.24,2.43,5.37,0.17,8.32,0.0,0.69
ARAPAHOE - 005454,1039,688,152,43,0,135,5,39,66.22,14.63,4.14,0.0,12.99,0.48,3.75
ARAPAHOE - 005455,1348,1025,94,112,0,99,0,15,76.04,6.97,8.31,0.0,7.34,0.0,1.11
ARAPAHOE - 005456,1033,791,70,94,0,39,0,30,76.57,6.78,9.1,0.0,3.78,0.0,2.9
ARAPAHOE - 005457,4,1,0,1,0,0,0,1,25.0,0.0,25.0,0.0,0.0,0.0,25.0
ARAPAHOE - 005458,0,0,0,0,0,0,0,0,0.0,0.0,0.0,0.0,0.0,0.0,0.0
ARAPAHOE - 005459,821,702,75,43,0,0,0,0,85.51,9.14,5.24,0.0,0.0,0.0,0.0
ARAPAHOE - 005460,1180,815,113,115,0,88,0,76,69.07,9.58,9.75,0.0,7.46,0.0,6.44
ARAPAHOE - 005461,1477,988,113,290,0,3,0,77,66.89,7.65,19.63,0.0,0.2,0.0,5.21
ARAPAHOE - 005462,1113,772,128,175,1,2,0,34,69.36,11.5,15.72,0.09,0.18,0.0,3.05
ARAPAHOE - 005463,2012,1351,310,233,0,76,0,43,67.15,15.41,11.58,0.0,3.78,0.0,2.14
ARAPAHOE - 005464,1117,710,92,229,3,39,0,50,63.56,8.24,20.5,0.27,3.49,0.0,4.48
ARAPAHOE - 005465,799,617,75,72,0,18,0,17,77.22,9.39,9.01,0.0,2.25,0.0,2.13
ARAPAHOE - 005466,1145,641,14,386,7,30,0,67,55.98,1.22,33.71,0.61,2.62,0.0,5.85
ARAPAHOE - 005467,1029,707,136,169,0,0,0,17,68.71,13.22,16.42,0.0,0.0,0.0,1.65
ARAPAHOE - 005468,792,572,74,66,15,61,0,4,72.22,9.34,8.33,1.89,7.7,0.0,0.51
ARAPAHOE - 005469,668,336,72,168,0,8,0,76,50.3,10.78,25.15,0.0,1.2,0.0,11.38
ARAPAHOE - 005470,1711,1053,222,357,24,15,0,31,61.54,12.97,20.86,1.4,0.88,0.0,1.81
ARAPAHOE - 005471,1118,659,79,322,0,22,0,36,58.94,7.07,28.8,0.0,1.97,0.0,3.22
ARAPAHOE - 005472,1726,732,527,396,0,53,0,37,42.41,30.53,22.94,0.0,3.07,0.0,2.14
ARAPAHOE - 005473,2595,1206,639,172,0,471,0,88,46.47,24.62,6.63,0.0,18.15,0.0,3.39
ARAPAHOE - 005474,683,415,11,226,11,13,0,16,60.76,1.61,33.09,1.61,1.9,0.0,2.34
ARAPAHOE - 005475,35,27,4,4,0,0,0,0,77.14,11.43,11.43,0.0,0.0,0.0,0.0
ARAPAHOE - 005501,1743,1297,161,212,0,27,0,40,74.41,9.24,12.16,0.0,1.55,0.0,2.29
ARAPAHOE - 005502,1663,936,101,383,0,7,0,242,56.28,6.07,23.03,0.0,0.42,0.0,14.55
ARAPAHOE - 005503,2793,908,329,1321,10,89,0,136,32.51,11.78,47.3,0.36,3.19,0.0,4.87
ARAPAHOE - 005504,1054,502,123,366,0,20,29,14,47.63,11.67,34.72,0.0,1.9,2.75,1.33
ARAPAHOE - 005505,1350,571,286,412,6,62,0,13,42.3,21.19,30.52,0.44,4.59,0.0,0.96
ARAPAHOE - 005506,2103,413,643,879,36,71,22,39,19.64,30.58,41.8,1.71,3.38,1.05,1.85
ARAPAHOE - 005507,974,380,74,365,0,160,0,0,39.01,7.6,37.47,0.0,16.43,0.0,0.0
ARAPAHOE - 005508,832,353,31,417,0,22,4,0,42.43,3.73,50.12,0.0,2.64,0.48,0.0
ARAPAHOE - 005509,473,234,6,203,0,0,0,30,49.47,1.27,42.92,0.0,0.0,0.0,6.34
ARAPAHOE - 005510,1136,793,168,140,0,0,0,35,69.81,14.79,12.32,0.0,0.0,0.0,3.08
ARAPAHOE - 005511,1758,414,624,545,0,0,0,175,23.55,35.49,31.0,0.0,0.0,0.0,9.95
ARAPAHOE - 005512,2270,651,1011,501,10,4,0,85,28.68,44.54,22.07,0.44,0.18,0.0,3.74
ARAPAHOE - 005513,1166,360,390,360,0,13,0,51,30.87,33.45,30.87,0.0,1.11,0.0,4.37
ARAPAHOE - 005514,1501,570,465,230,0,204,0,32,37.97,30.98,15.32,0.0,13.59,0.0,2.13
ARAPAHOE - 005515,1000,434,36,302,0,180,0,48,43.4,3.6,30.2,0.0,18.0,0.0,4.8
ARAPAHOE - 005516,1063,526,249,206,0,40,0,36,49.48,23.42,19.38,0.0,3.76,0.0,3.39
ARAPAHOE - 005517,824,449,201,89,0,74,0,5,54.49,24.39,10.8,0.0,8.98,0.0,0.61
ARAPAHOE - 005518,878,405,196,222,0,52,0,15,46.13,22.32,25.28,0.0,5.92,0.0,1.71
ARAPAHOE - 005519,1059,291,227,383,36,101,0,21,27.48,21.44,36.17,3.4,9.54,0.0,1.98
ARAPAHOE - 005520,936,493,102,297,0,1,0,45,52.67,10.9,31.73,0.0,0.11,0.0,4.81
ARAPAHOE - 005521,907,372,98,329,0,2,0,78,41.01,10.8,36.27,0.0,0.22,0.0,8.6
ARAPAHOE - 005522,1143,643,64,439,0,6,0,17,56.26,5.6,38.41,0.0,0.52,0.0,1.49
ARAPAHOE - 005523,1040,517,208,257,0,10,0,44,49.71,20.0,24.71,0.0,0.96,0.0,4.23
ARAPAHOE - 005524,1132,420,119,458,0,70,0,69,37.1,10.51,40.46,0.0,6.18,0.0,6.1
ARAPAHOE - 005525,1096,419,282,359,0,21,0,18,38.23,25.73,32.76,0.0,1.92,0.0,1.64
ARAPAHOE - 005526,1150,452,242,381,0,17,0,85,39.3,21.04,33.13,0.0,1.48,0.0,7.39
ARAPAHOE - 005527,1575,506,318,613,12,74,5,26,32.13,20.19,38.92,0.76,4.7,0.32,1.65
ARAPAHOE - 005528,599,174,181,158,0,40,0,46,29.05,30.22,26.38,0.0,6.68,0.0,7.68
ARAPAHOE - 005529,1226,516,240,362,22,42,9,26,42.09,19.58,29.53,1.79,3.43,0.73,2.12
ARAPAHOE - 005530,1475,396,168,737,0,88,4,29,26.85,11.39,49.97,0.0,5.97,0.27,1.97
ARAPAHOE - 005531,1473,520,123,577,0,100,0,206,35.3,8.35,39.17,0.0,6.79,0.0,13.99
ARAPAHOE - 005532,1444,694,338,354,0,0,0,58,48.06,23.41,24.52,0.0,0.0,0.0,4.02
ARAPAHOE - 005533,2164,763,648,616,0,33,53,51,35.26,29.94,28.47,0.0,1.52,2.45,2.36
ARAPAHOE - 005534,1932,605,677,343,0,39,0,268,31.31,35.04,17.75,0.0,2.02,0.0,13.87
ARAPAHOE - 005535,806,428,241,128,0,14,4,0,53.1,29.9,15.88,0.0,1.74,0.5,0.0
ARAPAHOE - 005536,926,287,369,183,10,55,9,4,30.99,39.85,19.76,1.08,5.94,0.97,0.43
ARAPAHOE - 005537,1367,522,602,140,0,43,0,60,38.19,44.04,10.24,0.0,3.15,0.0,4.39
ARAPAHOE - 005538,1604,629,527,363,17,85,0,0,39.21,32.86,22.63,1.06,5.3,0.0,0.0
ARAPAHOE - 005539,1803,933,188,605,4,0,0,56,51.75,10.43,33.56,0.22,0.0,0.0,3.11
ARAPAHOE - 005540,803,503,109,153,0,52,0,33,62.64,13.57,19.05,0.0,6.48,0.0,4.11
ARAPAHOE - 005541,1047,506,196,224,0,59,0,15,48.33,18.72,21.39,0.0,5.64,0.0,1.43
ARAPAHOE - 005542,723,436,197,68,0,22,0,0,60.3,27.25,9.41,0.0,3.04,0.0,0.0
ARAPAHOE - 005543,1129,657,44,332,0,67,0,29,58.19,3.9,29.41,0.0,5.93,0.0,2.57
ARAPAHOE - 005544,2616,823,968,688,0,96,0,41,31.46,37.0,26.3,0.0,3.67,0.0,1.57
ARAPAHOE - 005545,604,110,343,53,0,84,0,14,18.21,56.79,8.77,0.0,13.91,0.0,2.32
ARAPAHOE - 005546,986,269,265,329,0,99,0,37,27.28,26.88,33.37,0.0,10.04,0.0,3.75
ARAPAHOE - 005547,1946,1292,212,277,0,61,37,67,66.39,10.89,14.23,0.0,3.13,1.9,3.44
ARAPAHOE - 005548,797,121,177,423,0,27,0,36,15.18,22.21,53.07,0.0,3.39,0.0,4.52
ARAPAHOE - 005549,973,632,9,332,0,0,0,0,64.95,0.92,34.12,0.0,0.0,0.0,0.0
ARAPAHOE - 005550,200,81,18,77,0,4,0,17,40.5,9.0,38.5,0.0,2.0,0.0,8.5
ARAPAHOE - 005551,1900,1052,294,321,5,44,0,188,55.37,15.47,16.89,0.26,2.32,0.0,9.89
ARAPAHOE - 005552,1287,563,492,122,0,50,60,0,43.75,38.23,9.48,0.0,3.89,4.66,0.0
ARAPAHOE - 005553,2136,809,430,850,0,26,0,21,37.87,20.13,39.79,0.0,1.22,0.0,0.98
ARAPAHOE - 005554,1100,455,201,285,18,90,0,51,41.36,18.27,25.91,1.64,8.18,0.0,4.64
ARAPAHOE - 005555,998,417,160,331,0,39,0,47,41.78,16.03,33.17,0.0,3.91,0.0,4.71
ARAPAHOE - 005556,1422,622,242,317,0,105,48,88,43.74,17.02,22.29,0.0,7.38,3.38,6.19
ARAPAHOE - 005557,1886,1082,253,290,0,261,0,0,57.37,13.41,15.38,0.0,13.84,0.0,0.0
ARAPAHOE - 005558,1255,719,177,195,0,154,0,10,57.29,14.1,15.54,0.0,12.27,0.0,0.8
ARAPAHOE - 005559,987,585,58,264,0,59,0,25,59.27,5.88,26.75,0.0,5.98,0.0,2.53
ARAPAHOE - 005560,355,193,40,102,0,20,0,0,54.37,11.27,28.73,0.0,5.63,0.0,0.0
ARAPAHOE - 005561,0,0,0,0,0,0,0,0,0.0,0.0,0.0,0.0,0.0,0.0,0.0
ARCHULETA - 007001,1300,842,0,336,52,0,0,72,64.77,0.0,25.85,4.0,0.0,0.0,5.54
ARCHULETA - 007002,1003,822,0,174,0,0,0,0,81.95,0.0,17.35,0.0,0.0,0.0,0.0
ARCHULETA - 007003,861,822,4,22,0,0,0,22,95.47,0.46,2.56,0.0,0.0,0.0,2.56
ARCHULETA - 007004,582,370,0,195,7,0,0,12,63.57,0.0,33.51,1.2,0.0,0.0,2.06
ARCHULETA - 007005,864,653,0,143,4,1,0,54,75.58,0.0,16.55,0.46,0.12,0.0,6.25
ARCHULETA - 007006,2759,2539,0,95,0,22,0,122,92.03,0.0,3.44,0.0,0.8,0.0,4.42
ARCHULETA - 007007,1758,1627,0,37,0,17,0,61,92.55,0.0,2.1,0.0,0.97,0.0,3.47
ARCHULETA - 007008,2094,1593,8,359,13,56,0,65,76.07,0.38,17.14,0.62,2.67,0.0,3.1
BACA - 009001,256,239,0,4,0,7,0,4,93.36,0.0,1.56,0.0,2.73,0.0,1.56
BACA - 009002,379,338,0,12,0,10,0,16,89.18,0.0,3.17,0.0,2.64,0.0,4.22
BACA - 009003,184,182,0,2,0,0,0,1,98.91,0.0,1.09,0.0,0.0,0.0,0.54
BACA - 009004,931,752,8,132,0,35,0,7,80.77,0.86,14.18,0.0,3.76,0.0,0.75
BACA - 009005,127,112,0,7,0,0,0,6,88.19,0.0,5.51,0.0,0.0,0.0,4.72
BACA - 009006,160,154,0,1,0,0,0,7,96.25,0.0,0.62,0.0,0.0,0.0,4.38
BACA - 009007,60,56,0,6,0,0,0,0,93.33,0.0,10.0,0.0,0.0,0.0,0.0
BACA - 009008,368,327,6,23,0,0,0,6,88.86,1.63,6.25,0.0,0.0,0.0,1.63
BACA - 009009,86,78,0,3,0,10,0,0,90.7,0.0,3.49,0.0,11.63,0.0,0.0
BENT - 011001,564,481,0,0,0,0,8,75,85.28,0.0,0.0,0.0,0.0,1.42,13.3
BENT - 011002,565,459,0,99,0,0,0,6,81.24,0.0,17.52,0.0,0.0,0.0,1.06
BENT - 011003,1902,819,177,727,47,19,0,122,43.06,9.31,38.22,2.47,1.0,0.0,6.41
BENT - 011004,777,440,0,326,0,0,0,21,56.63,0.0,41.96,0.0,0.0,0.0,2.7
BENT - 011005,737,497,0,210,10,0,0,2,67.44,0.0,28.49,1.36,0.0,0.0,0.27
BOULDER - 013100,1497,994,38,138,0,220,0,106,66.4,2.54,9.22,0.0,14.7,0.0,7.08
BOULDER - 013101,1331,1059,0,51,0,140,0,83,79.56,0.0,3.83,0.0,10.52,0.0,6.24
BOULDER - 013102,1471,1101,0,340,0,30,0,0,74.85,0.0,23.11,0.0,2.04,0.0,0.0
BOULDER - 013103,1049,864,0,45,0,141,0,0,82.36,0.0,4.29,0.0,13.44,0.0,0.0
BOULDER - 013104,994,682,7,200,0,89,0,15,68.61,0.7,20.12,0.0,8.95,0.0,1.51
BOULDER - 013105,694,581,0,46,2,67,0,0,83.72,0.0,6.63,0.29,9.65,0.0,0.0
BOULDER - 013106,1317,1098,0,94,2,126,0,0,83.37,0.0,7.14,0.15,9.57,0.0,0.0
BOULDER - 013107,731,513,0,113,0,102,0,0,70.18,0.0,15.46,0.0,13.95,0.0,0.0
BOULDER - 013200,594,555,0,7,0,22,0,0,93.43,0.0,1.18,0.0,3.7,0.0,0.0
BOULDER - 013201,571,563,0,0,0,13,0,0,98.6,0.0,0.0,0.0,2.28,0.0,0.0
BOULDER - 013202,1036,918,0,33,0,85,0,0,88.61,0.0,3.19,0.0,8.2,0.0,0.0
BOULDER - 013203,756,621,10,38,0,28,0,55,82.14,1.32,5.03,0.0,3.7,0.0,7.28
BOULDER - 013204,995,790,27,8,0,70,0,57,79.4,2.71,0.8,0.0,7.04,0.0,5.73
BOULDER - 013205,838,705,31,12,0,39,0,30,84.13,3.7,1.43,0.0,4.65,0.0,3.58
BOULDER - 013206,563,495,0,43,0,17,0,3,87.92,0.0,7.64,0.0,3.02,0.0,0.53
BOULDER - 013207,1046,937,0,84,0,31,0,12,89.58,0.0,8.03,0.0,2.96,0.0,1.15
BOULDER - 013208,862,745,2,24,0,36,0,105,86.43,0.23,2.78,0.0,4.18,0.0,12.18
BOULDER - 013209,477,365,21,16,0,40,0,31,76.52,4.4,3.35,0.0,8.39,0.0,6.5
BOULDER - 013210,822,583,22,48,0,43,0,44,70.92,2.68,5.84,0.0,5.23,0.0,5.35
BOULDER - 013211,985,681,60,254,0,79,0,5,69.14,6.09,25.79,0.0,8.02,0.0,0.51
BOULDER - 013212,1474,1226,36,149,0,51,0,27,83.18,2.44,10.11,0.0,3.46,0.0,1.83
BOULDER - 013213,2650,2361,27,192,0,26,0,20,89.09,1.02,7.25,0.0,0.98,0.0,0.75
BOULDER - 013214,1399,1247,16,69,0,12,0,48,89.14,1.14,4.93,0.0,0.86,0.0,3.43
BOULDER - 013300,2230,1653,46,401,0,99,0,48,74.13,2.06,17.98,0.0,4.44,0.0,2.15
BOULDER - 013301,2207,1414,1,573,0,89,0,111,64.07,0.05,25.96,0.0,4.03,0.0,5.03
BOULDER - 013302,1927,1687,5,94,0,124,8,0,87.55,0.26,4.88,0.0,6.43,0.42,0.0
BOULDER - 013303,709,483,0,190,0,8,0,30,68.12,0.0,26.8,0.0,1.13,0.0,4.23
BOULDER - 013304,1080,922,0,86,0,34,0,10,85.37,0.0,7.96,0.0,3.15,0.0,0.93
BOULDER - 013305,1389,1257,47,17,0,10,0,65,90.5,3.38,1.22,0.0,0.72,0.0,4.68
BOULDER - 013306,1735,1359,4,233,0,72,0,51,78.33,0.23,13.43,0.0,4.15,0.0,2.94
BOULDER - 013307,1509,821,0,636,0,33,0,31,54.41,0.0,42.15,0.0,2.19,0.0,2.05
BOULDER - 013308,973,764,0,149,0,18,0,22,78.52,0.0,15.31,0.0,1.85,0.0,2.26
BOULDER - 013309,1109,825,6,177,0,63,10,22,74.39,0.54,15.96,0.0,5.68,0.9,1.98
BOULDER - 013310,1439,1163,35,152,0,46,4,38,80.82,2.43,10.56,0.0,3.2,0.28,2.64
BOULDER - 013311,901,797,9,66,0,25,0,13,88.46,1.0,7.33,0.0,2.77,0.0,1.44
BOULDER - 013312,851,805,7,20,0,17,0,4,94.59,0.82,2.35,0.0,2.0,0.0,0.47
BOULDER - 013313,1405,1201,0,100,0,32,0,103,85.48,0.0,7.12,0.0,2.28,0.0,7.33
BOULDER - 013314,1223,1140,0,66,0,0,0,22,93.21,0.0,5.4,0.0,0.0,0.0,1.8
BOULDER - 013315,965,832,0,80,0,48,0,5,86.22,0.0,8.29,0.0,4.97,0.0,0.52
BOULDER - 013316,1222,1141,2,54,0,12,0,10,93.37,0.16,4.42,0.0,0.98,0.0,0.82
BOULDER - 013400,106,106,0,0,0,0,0,0,100.0,0.0,0.0,0.0,0.0,0.0,0.0
BOULDER - 013401,454,440,0,18,0,7,0,0,96.92,0.0,3.96,0.0,1.54,0.0,0.0
BOULDER - 013402,434,394,0,14,0,42,0,0,90.78,0.0,3.23,0.0,9.68,0.0,0.0
BOULDER - 013403,939,811,8,38,0,52,0,10,86.37,0.85,4.05,0.0,5.54,0.0,1.06
BOULDER - 013404,822,763,0,39,0,0,0,19,92.82,0.0,4.74,0.0,0.0,0.0,2.31
BOULDER - 013405,427,416,4,11,0,1,0,0,97.42,0.94,2.58,0.0,0.23,0.0,0.0
BOULDER - 013406,1181,1190,0,7,0,0,0,0,100.76,0.0,0.59,0.0,0.0,0.0,0.0
BOULDER - 013407,657,585,0,27,19,0,0,17,89.04,0.0,4.11,2.89,0.0,0.0,2.59
BOULDER - 013408,1533,1291,0,187,0,54,0,0,84.21,0.0,12.2,0.0,3.52,0.0,0.0
BOULDER - 013409,1888,1527,29,163,0,34,0,131,80.88,1.54,8.63,0.0,1.8,0.0,6.94
BOULDER - 013410,776,730,0,9,0,21,0,17,94.07,0.0,1.16,0.0,2.71,0.0,2.19
BOULDER - 013411,1275,1002,0,75,0,150,0,36,78.59,0.0,5.88,0.0,11.76,0.0,2.82
BOULDER - 013412,2437,1960,0,97,0,277,0,159,80.43,0.0,3.98,0.0,11.37,0.0,6.52
BOULDER - 013413,1718,1468,0,27,0,155,0,51,85.45,0.0,1.57,0.0,9.02,0.0,2.97
BOULDER - 013500,856,685,0,73,0,77,0,21,80.02,0.0,8.53,0.0,9.0,0.0,2.45
BOULDER - 013501,623,490,0,45,0,76,0,4,78.65,0.0,7.22,0.0,12.2,0.0,0.64
BOULDER - 013502,927,857,0,31,0,37,0,12,92.45,0.0,3.34,0.0,3.99,0.0,1.29
BOULDER - 013503,1703,1518,0,58,0,16,0,111,89.14,0.0,3.41,0.0,0.94,0.0,6.52
BOULDER - 013504,990,775,0,55,0,60,0,100,78.28,0.0,5.56,0.0,6.06,0.0,10.1
BOULDER - 013505,665,606,0,33,11,50,0,0,91.13,0.0,4.96,1.65,7.52,0.0,0.0
BOULDER - 013506,426,408,0,22,0,1,0,0,95.77,0.0,5.16,0.0,0.23,0.0,0.0
BOULDER - 013507,1190,1064,0,98,0,14,0,0,89.41,0.0,8.24,0.0,1.18,0.0,0.0
BOULDER - 013508,542,471,0,0,9,36,0,0,86.9,0.0,0.0,1.66,6.64,0.0,0.0
BOULDER - 013600,2168,1748,0,390,0,0,0,30,80.63,0.0,17.99,0.0,0.0,0.0,1.38
BOULDER - 013601,1604,1446,0,141,0,15,0,0,90.15,0.0,8.79,0.0,0.94,0.0,0.0
BOULDER - 013602,903,710,0,133,1,23,0,8,78.63,0.0,14.73,0.11,2.55,0.0,0.89
BOULDER - 013603,1967,1710,0,157,1,43,0,32,86.93,0.0,7.98,0.05,2.19,0.0,1.63
BOULDER - 013604,1132,1027,0,115,0,20,0,26,90.72,0.0,10.16,0.0,1.77,0.0,2.3
BOULDER - 013605,1218,915,0,285,5,20,0,14,75.12,0.0,23.4,0.41,1.64,0.0,1.15
BOULDER - 013606,1026,609,15,379,0,1,0,14,59.36,1.46,36.94,0.0,0.1,0.0,1.36
BOULDER - 013607,1706,1240,0,338,0,129,0,15,72.68,0.0,19.81,0.0,7.56,0.0,0.88
BOULDER - 013608,1495,839,0,571,0,5,0,45,56.12,0.0,38.19,0.0,0.33,0.0,3.01
BOULDER - 013609,1001,611,0,260,11,70,0,63,61.04,0.0,25.97,1.1,6.99,0.0,6.29
BOULDER - 013610,2600,1606,0,786,36,114,0,75,61.77,0.0,30.23,1.38,4.38,0.0,2.88
BOULDER - 013611,1714,772,159,759,0,0,0,14,45.04,9.28,44.28,0.0,0.0,0.0,0.82
BOULDER - 013612,1546,1369,9,173,30,35,3,14,88.55,0.58,11.19,1.94,2.26,0.19,0.91
BOULDER - 013613,850,711,0,67,0,34,14,23,83.65,0.0,7.88,0.0,4.0,1.65,2.71
BOULDER - 013614,1407,1161,0,169,0,44,0,25,82.52,0.0,12.01,0.0,3.13,0.0,1.78
BOULDER - 013615,662,563,0,35,0,44,0,28,85.05,0.0,5.29,0.0,6.65,0.0,4.23
BOULDER - 013616,1201,996,0,70,0,99,0,38,82.93,0.0,5.83,0.0,8.24,0.0,3.16
BOULDER - 013617,3393,2502,0,470,13,290,0,121,73.74,0.0,13.85,0.38,8.55,0.0,3.57
BOULDER - 013618,2349,1939,78,72,0,246,0,10,82.55,3.32,3.07,0.0,10.47,0.0,0.43
BOULDER - 013619,2352,1501,28,579,0,53,0,180,63.82,1.19,24.62,0.0,2.25,0.0,7.65
BOULDER - 013620,2016,1654,21,203,0,77,0,80,82.04,1.04,10.07,0.0,3.82,0.0,3.97
BOULDER - 013621,1011,903,1,99,0,0,0,0,89.32,0.1,9.79,0.0,0.0,0.0,0.0
BOULDER - 013622,1008,662,5,218,0,10,0,28,65.67,0.5,21.63,0.0,0.99,0.0,2.78
BOULDER - 013623,2125,1428,41,502,5,0,14,99,67.2,1.93,23.62,0.24,0.0,0.66,4.66
BOULDER - 013624,1197,918,7,240,0,0,0,21,76.69,0.58,20.05,0.0,0.0,0.0,1.75
BOULDER - 013625,860,712,31,121,0,0,0,19,82.79,3.6,14.07,0.0,0.0,0.0,2.21
BOULDER - 013626,1426,1189,0,100,0,8,0,145,83.38,0.0,7.01,0.0,0.56,0.0,10.17
BOULDER - 013627,1202,878,3,150,0,13,0,129,73.04,0.25,12.48,0.0,1.08,0.0,10.73
BOULDER - 013628,1123,935,0,176,0,0,0,2,83.26,0.0,15.67,0.0,0.0,0.0,0.18
BOULDER - 013629,667,505,11,120,3,0,0,12,75.71,1.65,17.99,0.45,0.0,0.0,1.8
BOULDER - 013630,1198,764,6,348,0,35,0,27,63.77,0.5,29.05,0.0,2.92,0.0,2.25
BOULDER - 013631,693,489,0,197,0,0,0,25,70.56,0.0,28.43,0.0,0.0,0.0,3.61
BOULDER - 013632,1312,719,0,417,79,20,0,81,54.8,0.0,31.78,6.02,1.52,0.0,6.17
BOULDER - 013633,1512,624,0,860,0,0,0,28,41.27,0.0,56.88,0.0,0.0,0.0,1.85
BOULDER - 013634,1090,839,36,231,4,0,0,6,76.97,3.3,21.19,0.37,0.0,0.0,0.55
BOULDER - 013635,741,630,3,105,0,21,0,0,85.02,0.4,14.17,0.0,2.83,0.0,0.0
BOULDER - 013636,1082,1009,0,15,0,40,0,18,93.25,0.0,1.39,0.0,3.7,0.0,1.66
BOULDER - 013637,1763,1403,28,221,0,37,0,30,79.58,1.59,12.54,0.0,2.1,0.0,1.7
BOULDER - 013638,1041,988,0,53,0,10,0,13,94.91,0.0,5.09,0.0,0.96,0.0,1.25
BOULDER - 013639,957,964,0,0,0,0,0,3,100.73,0.0,0.0,0.0,0.0,0.0,0.31
BOULDER - 013640,947,896,0,8,3,30,0,12,94.61,0.0,0.84,0.32,3.17,0.0,1.27
BOULDER - 013641,912,751,0,96,11,10,0,27,82.35,0.0,10.53,1.21,1.1,0.0,2.96
BOULDER - 013642,1735,1125,0,331,0,199,58,22,64.84,0.0,19.08,0.0,11.47,3.34,1.27
BOULDER - 013643,1253,1003,9,182,0,0,0,55,80.05,0.72,14.53,0.0,0.0,0.0,4.39
BOULDER - 013644,1668,1009,28,549,0,16,0,19,60.49,1.68,32.91,0.0,0.96,0.0,1.14
BOULDER - 013645,1125,783,46,250,0,11,0,27,69.6,4.09,22.22,0.0,0.98,0.0,2.4
BOULDER - 013646,1026,908,19,76,0,21,0,10,88.5,1.85,7.41,0.0,2.05,0.0,0.97
BOULDER - 013647,1542,1222,0,211,20,50,0,39,79.25,0.0,13.68,1.3,3.24,0.0,2.53
BOULDER - 013648,2048,1440,25,565,0,46,0,15,70.31,1.22,27.59,0.0,2.25,0.0,0.73
BOULDER - 013649,1117,880,12,197,0,5,0,23,78.78,1.07,17.64,0.0,0.45,0.0,2.06
BOULDER - 013650,869,710,0,148,0,4,0,11,81.7,0.0,17.03,0.0,0.46,0.0,1.27
BOULDER - 013651,1357,889,13,335,0,65,0,55,65.51,0.96,24.69,0.0,4.79,0.0,4.05
BOULDER - 013652,1099,898,0,165,0,0,0,36,81.71,0.0,15.01,0.0,0.0,0.0,3.28
BOULDER - 013653,587,514,0,55,0,0,0,20,87.56,0.0,9.37,0.0,0.0,0.0,3.41
BOULDER - 013654,1447,1275,0,53,0,3,0,119,88.11,0.0,3.66,0.0,0.21,0.0,8.22
BOULDER - 013700,877,758,0,21,0,64,0,17,86.43,0.0,2.39,0.0,7.3,0.0,1.94
BOULDER - 013701,574,499,0,18,0,34,0,46,86.93,0.0,3.14,0.0,5.92,0.0,8.01
BOULDER - 013702,369,370,0,13,0,2,0,0,100.27,0.0,3.52,0.0,0.54,0.0,0.0
BOULDER - 013703,511,511,0,9,0,0,1,0,100.0,0.0,1.76,0.0,0.0,0.2,0.0
BOULDER - 013704,430,408,0,13,0,1,1,15,94.88,0.0,3.02,0.0,0.23,0.23,3.49
BOULDER - 013705,665,628,0,9,0,3,3,66,94.44,0.0,1.35,0.0,0.45,0.45,9.92
BOULDER - 013706,183,168,0,4,0,0,0,4,91.8,0.0,2.19,0.0,0.0,0.0,2.19
BOULDER - 013707,572,517,0,42,0,12,0,0,90.38,0.0,7.34,0.0,2.1,0.0,0.0
BOULDER - 013708,589,522,0,62,0,10,0,0,88.62,0.0,10.53,0.0,1.7,0.0,0.0
BOULDER - 013800,663,560,0,58,0,12,0,32,84.46,0.0,8.75,0.0,1.81,0.0,4.83
BOULDER - 013801,1070,952,25,111,0,0,0,9,88.97,2.34,10.37,0.0,0.0,0.0,0.84
BOULDER - 013802,1684,1512,5,82,0,41,0,16,89.79,0.3,4.87,0.0,2.43,0.0,0.95
BOULDER - 013803,1234,1165,0,62,0,7,0,0,94.41,0.0,5.02,0.0,0.57,0.0,0.0
BOULDER - 013804,1338,1216,5,54,0,28,0,23,90.88,0.37,4.04,0.0,2.09,0.0,1.72
BOULDER - 013805,348,323,0,18,0,10,0,12,92.82,0.0,5.17,0.0,2.87,0.0,3.45
BOULDER - 013806,1369,1114,25,164,42,4,0,27,81.37,1.83,11.98,3.07,0.29,0.0,1.97
BOULDER - 013807,905,767,6,74,0,40,4,23,84.75,0.66,8.18,0.0,4.42,0.44,2.54
BOULDER - 013808,2035,1349,0,514,0,38,0,132,66.29,0.0,25.26,0.0,1.87,0.0,6.49
BOULDER - 013809,898,842,0,0,0,56,0,0,93.76,0.0,0.0,0.0,6.24,0.0,0.0
BOULDER - 013810,883,767,0,39,0,71,0,9,86.86,0.0,4.42,0.0,8.04,0.0,1.02
BOULDER - 013811,1083,967,0,32,0,19,0,76,89.29,0.0,2.95,0.0,1.75,0.0,7.02
BOULDER - 013812,1098,954,0,108,0,13,0,7,86.89,0.0,9.84,0.0,1.18,0.0,0.64
BOULDER - 013813,1628,1267,6,219,7,27,0,40,77.83,0.37,13.45,0.43,1.66,0.0,2.46
BOULDER - 013814,784,741,0,21,0,80,0,8,94.52,0.0,2.68,0.0,10.2,0.0,1.02
BOULDER - 013815,850,686,0,94,0,38,0,0,80.71,0.0,11.06,0.0,4.47,0.0,0.0
BOULDER - 013816,1119,1005,0,50,0,17,0,44,89.81,0.0,4.47,0.0,1.52,0.0,3.93
BOULDER - 013817,586,517,9,44,0,0,0,16,88.23,1.54,7.51,0.0,0.0,0.0,2.73
BOULDER - 013818,1419,1106,0,218,0,46,0,49,77.94,0.0,15.36,0.0,3.24,0.0,3.45
BOULDER - 013819,829,687,0,92,0,16,0,26,82.87,0.0,11.1,0.0,1.93,0.0,3.14
BOULDER - 013820,916,730,0,158,0,1,0,4,79.69,0.0,17.25,0.0,0.11,0.0,0.44
BOULDER - 013821,1159,915,0,134,0,85,0,46,78.95,0.0,11.56,0.0,7.33,0.0,3.97
BOULDER - 013822,1118,1026,0,110,0,0,0,17,91.77,0.0,9.84,0.0,0.0,0.0,1.52
BOULDER - 013823,3122,2055,53,743,26,156,0,76,65.82,1.7,23.8,0.83,5.0,0.0,2.43
BOULDER - 013824,1321,1094,0,159,0,46,0,26,82.82,0.0,12.04,0.0,3.48,0.0,1.97
BOULDER - 013825,599,558,0,14,0,10,0,6,93.16,0.0,2.34,0.0,1.67,0.0,1.0
BOULDER - 013826,832,770,0,33,0,50,0,0,92.55,0.0,3.97,0.0,6.01,0.0,0.0
BOULDER - 013827,1145,995,0,77,0,13,0,26,86.9,0.0,6.72,0.0,1.14,0.0,2.27
BOULDER - 013828,910,757,1,117,0,12,0,73,83.19,0.11,12.86,0.0,1.32,0.0,8.02
BOULDER - 013829,1088,717,1,250,0,97,0,23,65.9,0.09,22.98,0.0,8.92,0.0,2.11
BOULDER - 013830,1073,829,53,126,0,16,0,40,77.26,4.94,11.74,0.0,1.49,0.0,3.73
BOULDER - 013831,1062,819,15,196,0,18,0,17,77.12,1.41,18.46,0.0,1.69,0.0,1.6
BOULDER - 013832,398,368,0,11,0,16,0,12,92.46,0.0,2.76,0.0,4.02,0.0,3.02
BOULDER - 013833,1749,1342,43,127,0,163,10,119,76.73,2.46,7.26,0.0,9.32,0.57,6.8
BOULDER - 013834,2960,2243,76,333,0,178,10,45,75.78,2.57,11.25,0.0,6.01,0.34,1.52
BOULDER - 013835,1436,1033,26,152,0,139,3,103,71.94,1.81,10.58,0.0,9.68,0.21,7.17
BOULDER - 013836,964,790,9,87,0,35,0,27,81.95,0.93,9.02,0.0,3.63,0.0,2.8
BOULDER - 013837,1574,1289,5,56,0,123,0,67,81.89,0.32,3.56,0.0,7.81,0.0,4.26
BOULDER - 013838,763,543,0,110,0,59,0,23,71.17,0.0,14.42,0.0,7.73,0.0,3.01
BOULDER - 013839,529,491,0,6,0,17,0,3,92.82,0.0,1.13,0.0,3.21,0.0,0.57
BOULDER - 013840,531,478,0,24,0,18,0,25,90.02,0.0,4.52,0.0,3.39,0.0,4.71
BOULDER - 013841,596,497,25,41,0,30,0,0,83.39,4.19,6.88,0.0,5.03,0.0,0.0
BOULDER - 013842,1048,913,26,54,0,14,0,39,87.12,2.48,5.15,0.0,1.34,0.0,3.72
BOULDER - 013843,1526,1400,5,80,0,35,0,1,91.74,0.33,5.24,0.0,2.29,0.0,0.07
BOULDER - 013844,849,675,3,94,0,45,0,30,79.51,0.35,11.07,0.0,5.3,0.0,3.53
BOULDER - 013845,973,761,5,116,11,66,0,35,78.21,0.51,11.92,1.13,6.78,0.0,3.6
BOULDER - 013846,2593,1688,34,443,0,306,0,153,65.1,1.31,17.08,0.0,11.8,0.0,5.9
BOULDER - 013847,1690,1380,42,129,0,50,0,89,81.66,2.49,7.63,0.0,2.96,0.0,5.27
BOULDER - 013848,726,598,0,86,10,19,0,22,82.37,0.0,11.85,1.38,2.62,0.0,3.03
BOULDER - 013849,2580,1759,44,386,0,272,13,106,68.18,1.71,14.96,0.0,10.54,0.5,4.11
BOULDER - 013850,785,680,0,63,13,24,0,4,86.62,0.0,8.03,1.66,3.06,0.0,0.51
BOULDER - 013851,1177,1083,6,60,0,31,0,20,92.01,0.51,5.1,0.0,2.63,0.0,1.7
BOULDER - 013852,1328,1122,0,73,0,38,0,102,84.49,0.0,5.5,0.0,2.86,0.0,7.68
BOULDER - 013853,832,722,25,37,0,22,0,4,86.78,3.0,4.45,0.0,2.64,0.0,0.48
BOULDER - 013854,959,753,9,121,12,14,0,9,78.52,0.94,12.62,1.25,1.46,0.0,0.94
BOULDER - 013855,813,655,11,110,0,4,0,31,80.57,1.35,13.53,0.0,0.49,0.0,3.81
BOULDER - 013856,552,503,0,0,0,23,0,27,91.12,0.0,0.0,0.0,4.17,0.0,4.89
BOULDER - 013857,641,599,0,2,0,23,3,1,93.45,0.0,0.31,0.0,3.59,0.47,0.16
BOULDER - 013858,1013,986,0,0,0,19,0,9,97.33,0.0,0.0,0.0,1.88,0.0,0.89
BOULDER - 013859,730,704,24,24,0,6,0,9,96.44,3.29,3.29,0.0,0.82,0.0,1.23
BOULDER - 013860,591,563,8,13,0,0,2,9,95.26,1.35,2.2,0.0,0.0,0.34,1.52
BOULDER - 013861,557,490,9,26,0,38,0,0,87.97,1.62,4.67,0.0,6.82,0.0,0.0
BOULDER - 013862,532,480,0,9,0,28,0,8,90.23,0.0,1.69,0.0,5.26,0.0,1.5
BOULDER - 013863,618,516,0,10,0,50,0,9,83.5,0.0,1.62,0.0,8.09,0.0,1.46
BOULDER - 013864,559,524,0,13,0,11,0,10,93.74,0.0,2.33,0.0,1.97,0.0,1.79
BOULDER - 013865,693,498,5,100,0,11,0,79,71.86,0.72,14.43,0.0,1.59,0.0,11.4
BOULDER - 013866,645,566,14,31,0,5,0,35,87.75,2.17,4.81,0.0,0.78,0.0,5.43
BOULDER - 013867,948,804,0,50,0,45,0,23,84.81,0.0,5.27,0.0,4.75,0.0,2.43
BOULDER - 013868,848,733,12,34,0,38,0,37,86.44,1.42,4.01,0.0,4.48,0.0,4.36
BOULDER - 013869,587,533,0,14,0,4,0,42,90.8,0.0,2.39,0.0,0.68,0.0,7.16
BOULDER - 013870,808,559,2,233,17,10,0,18,69.18,0.25,28.84,2.1,1.24,0.0,2.23
BOULDER - 013871,1019,832,56,51,6,41,0,37,81.65,5.5,5.0,0.59,4.02,0.0,3.63
BOULDER - 013872,1730,1384,0,192,0,52,0,102,80.0,0.0,11.1,0.0,3.01,0.0,5.9
BOULDER - 013873,396,321,34,16,0,29,0,18,81.06,8.59,4.04,0.0,7.32,0.0,4.55
BOULDER - 013874,959,801,15,51,0,44,0,49,83.52,1.56,5.32,0.0,4.59,0.0,5.11
BOULDER - 013875,1137,969,0,115,0,24,0,20,85.22,0.0,10.11,0.0,2.11,0.0,1.76
BOULDER - 013876,1499,1390,18,61,0,18,0,35,92.73,1.2,4.07,0.0,1.2,0.0,2.33
BOULDER - 013877,764,684,11,30,0,25,0,22,89.53,1.44,3.93,0.0,3.27,0.0,2.88
BOULDER - 013878,1222,1111,3,50,0,3,0,34,90.92,0.25,4.09,0.0,0.25,0.0,2.78
BOULDER - 013879,959,905,16,28,0,0,0,10,94.37,1.67,2.92,0.0,0.0,0.0,1.04
BOULDER - 013880,1969,1772,93,55,0,35,0,28,89.99,4.72,2.79,0.0,1.78,0.0,1.42
BOULDER - 013881,864,774,7,46,0,3,0,27,89.58,0.81,5.32,0.0,0.35,0.0,3.12
BOULDER - 013882,853,754,0,51,43,0,0,6,88.39,0.0,5.98,5.04,0.0,0.0,0.7
BOULDER - 013883,1114,1054,0,15,0,0,0,28,94.61,0.0,1.35,0.0,0.0,0.0,2.51
BOULDER - 013884,969,860,0,68,0,14,0,28,88.75,0.0,7.02,0.0,1.44,0.0,2.89
BOULDER - 013885,510,481,0,0,0,11,0,16,94.31,0.0,0.0,0.0,2.16,0.0,3.14
BOULDER - 013886,559,534,0,0,0,6,0,16,95.53,0.0,0.0,0.0,1.07,0.0,2.86
BOULDER - 013887,707,658,0,0,0,0,0,59,93.07,0.0,0.0,0.0,0.0,0.0,8.35
BOULDER - 013888,754,668,0,45,0,20,14,0,88.59,0.0,5.97,0.0,2.65,1.86,0.0
BOULDER - 013900,387,370,0,6,0,0,0,8,95.61,0.0,1.55,0.0,0.0,0.0,2.07
BOULDER - 013901,577,567,0,2,6,0,0,0,98.27,0.0,0.35,1.04,0.0,0.0,0.0
BOULDER - 013902,647,586,0,57,0,0,0,2,90.57,0.0,8.81,0.0,0.0,0.0,0.31
BOULDER - 013903,1814,1716,0,81,8,0,0,13,94.6,0.0,4.47,0.44,0.0,0.0,0.72
BOULDER - 013904,409,382,0,33,0,0,0,0,93.4,0.0,8.07,0.0,0.0,0.0,0.0
BOULDER - 013905,224,200,0,30,0,0,0,0,89.29,0.0,13.39,0.0,0.0,0.0,0.0
BOULDER - 013906,441,392,0,30,0,1,0,6,88.89,0.0,6.8,0.0,0.23,0.0,1.36
BOULDER - 013908,992,970,0,12,0,0,4,18,97.78,0.0,1.21,0.0,0.0,0.4,1.81
BOULDER - 013909,638,591,0,13,0,0,0,10,92.63,0.0,2.04,0.0,0.0,0.0,1.57
BOULDER - 013910,799,765,0,7,0,0,4,45,95.74,0.0,0.88,0.0,0.0,0.5,5.63
BOULDER - 013911,634,557,0,24,0,39,1,19,87.85,0.0,3.79,0.0,6.15,0.16,3.0
BOULDER - 013912,843,795,0,10,0,0,0,22,94.31,0.0,1.19,0.0,0.0,0.0,2.61
BOULDER - 013913,702,637,0,29,16,2,0,10,90.74,0.0,4.13,2.28,0.28,0.0,1.42
BOULDER - 013914,613,579,0,16,0,0,0,10,94.45,0.0,2.61,0.0,0.0,0.0,1.63
BOULDER - 013915,508,457,0,30,0,8,0,7,89.96,0.0,5.91,0.0,1.57,0.0,1.38
BOULDER - 013916,644,580,0,44,0,3,0,23,90.06,0.0,6.83,0.0,0.47,0.0,3.57
BOULDER - 013917,1237,1112,0,77,0,9,3,26,89.89,0.0,6.22,0.0,0.73,0.24,2.1
BOULDER - 013918,1029,945,0,40,0,1,1,0,91.84,0.0,3.89,0.0,0.1,0.1,0.0
BROOMFIELD - 014001,1830,1666,0,120,0,17,0,27,91.04,0.0,6.56,0.0,0.93,0.0,1.48
BROOMFIELD - 014002,3139,2524,10,345,17,169,0,65,80.41,0.32,10.99,0.54,5.38,0.0,2.07
BROOMFIELD - 014003,2233,1773,31,249,0,64,0,125,79.4,1.39,11.15,0.0,2.87,0.0,5.6
BROOMFIELD - 014004,1957,1486,91,169,0,77,0,138,75.93,4.65,8.64,0.0,3.93,0.0,7.05
BROOMFIELD - 014005,179,83,24,58,0,7,0,3,46.37,13.41,32.4,0.0,3.91,0.0,1.68
BROOMFIELD - 014006,3508,2699,54,533,0,127,0,104,76.94,1.54,15.19,0.0,3.62,0.0,2.96
BROOMFIELD - 014007,1022,703,0,134,19,104,0,65,68.79,0.0,13.11,1.86,10.18,0.0,6.36
BROOMFIELD - 014008,982,832,31,110,0,0,0,15,84.73,3.16,11.2,0.0,0.0,0.0,1.53
BROOMFIELD - 014009,972,837,19,28,0,86,0,0,86.11,1.95,2.88,0.0,8.85,0.0,0.0
BROOMFIELD - 014010,990,840,0,55,14,46,0,22,84.85,0.0,5.56,1.41,4.65,0.0,2.22
BROOMFIELD - 014011,1299,1124,0,125,3,6,0,47,86.53,0.0,9.62,0.23,0.46,0.0,3.62
BROOMFIELD - 014012,1112,995,0,45,18,28,0,39,89.48,0.0,4.05,1.62,2.52,0.0,3.51
BROOMFIELD - 014013,1041,848,31,119,0,16,0,18,81.46,2.98,11.43,0.0,1.54,0.0,1.73
BROOMFIELD - 014014,1262,947,0,236,14,21,0,31,75.04,0.0,18.7,1.11,1.66,0.0,2.46
BROOMFIELD - 014015,1316,1001,42,152,19,72,0,58,76.06,3.19,11.55,1.44,5.47,0.0,4.41
BROOMFIELD - 014016,858,793,0,17,0,28,0,23,92.42,0.0,1.98,0.0,3.26,0.0,2.68
BROOMFIELD - 014017,1614,1378,0,102,0,125,0,9,85.38,0.0,6.32,0.0,7.74,0.0,0.56
BROOMFIELD - 014018,918,733,13,92,0,69,0,11,79.85,1.42,10.02,0.0,7.52,0.0,1.2
BROOMFIELD - 014019,1894,1383,33,279,9,130,0,31,73.02,1.74,14.73,0.48,6.86,0.0,1.64
BROOMFIELD - 014020,1129,849,36,140,0,38,0,64,75.2,3.19,12.4,0.0,3.37,0.0,5.67
BROOMFIELD - 014021,2189,1728,5,323,3,70,0,21,78.94,0.23,14.76,0.14,3.2,0.0,0.96
BROOMFIELD - 014022,1557,1259,0,212,1,37,47,0,80.86,0.0,13.62,0.06,2.38,3.02,0.0
BROOMFIELD - 014023,1236,954,0,197,0,103,0,3,77.18,0.0,15.94,0.0,8.33,0.0,0.24
BROOMFIELD - 014024,2330,1629,0,269,0,353,0,49,69.91,0.0,11.55,0.0,15.15,0.0,2.1
BROOMFIELD - 014025,2054,1701,0,100,6,261,0,16,82.81,0.0,4.87,0.29,12.71,0.0,0.78
BROOMFIELD - 014026,1309,1092,0,73,0,135,0,9,83.42,0.0,5.58,0.0,10.31,0.0,0.69
BROOMFIELD - 014027,1693,1200,16,458,0,27,0,11,70.88,0.95,27.05,0.0,1.59,0.0,0.65
BROOMFIELD - 014028,595,280,0,299,0,0,0,16,47.06,0.0,50.25,0.0,0.0,0.0,2.69
BROOMFIELD - 014029,1323,892,0,263,0,50,0,82,67.42,0.0,19.88,0.0,3.78,0.0,6.2
BROOMFIELD - 014030,899,549,0,324,0,0,5,53,61.07,0.0,36.04,0.0,0.0,0.56,5.9
BROOMFIELD - 014031,1090,880,0,107,0,88,0,19,80.73,0.0,9.82,0.0,8.07,0.0,1.74
BROOMFIELD - 014032,2187,1712,48,159,0,163,0,63,78.28,2.19,7.27,0.0,7.45,0.0,2.88
BROOMFIELD - 014033,1762,1473,55,146,0,69,0,61,83.6,3.12,8.29,0.0,3.92,0.0,3.46
BROOMFIELD - 014034,679,665,8,8,0,17,0,0,97.94,1.18,1.18,0.0,2.5,0.0,0.0
BROOMFIELD - 014035,1824,1784,0,19,0,0,0,21,97.81,0.0,1.04,0.0,0.0,0.0,1.15
BROOMFIELD - 014036,3239,2687,49,185,0,256,0,43,82.96,1.51,5.71,0.0,7.9,0.0,1.33
BROOMFIELD - 014037,2032,1284,146,368,0,122,0,112,63.19,7.19,18.11,0.0,6.0,0.0,5.51
CHAFFEE - 015001,1974,1895,0,70,0,16,0,11,96.0,0.0,3.55,0.0,0.81,0.0,0.56
CHAFFEE - 015002,1807,1588,4,129,0,0,0,71,87.88,0.22,7.14,0.0,0.0,0.0,3.93
CHAFFEE - 015003,3499,2751,242,434,19,0,0,54,78.62,6.92,12.4,0.54,0.0,0.0,1.54
CHAFFEE - 015004,1193,1108,0,62,0,12,0,9,92.88,0.0,5.2,0.0,1.01,0.0,0.75
CHAFFEE - 015005,2076,1743,0,263,5,2,0,62,83.96,0.0,12.67,0.24,0.1,0.0,2.99
CHAFFEE - 015006,1691,1522,0,72,0,4,0,98,90.01,0.0,4.26,0.0,0.24,0.0,5.8
CHAFFEE - 015007,1817,1606,0,120,0,0,0,99,88.39,0.0,6.6,0.0,0.0,0.0,5.45
CHAFFEE - 015008,1635,1364,0,131,3,4,0,115,83.43,0.0,8.01,0.18,0.24,0.0,7.03
CHAFFEE - 015009,1384,1092,0,193,15,5,0,83,78.9,0.0,13.95,1.08,0.36,0.0,6.0
CHEYENNE - 017001,139,116,2,18,0,0,0,0,83.45,1.44,12.95,0.0,0.0,0.0,0.0
CHEYENNE - 017002,365,317,8,26,0,0,0,14,86.85,2.19,7.12,0.0,0.0,0.0,3.84
CHEYENNE - 017003,456,370,0,36,0,0,6,39,81.14,0.0,7.89,0.0,0.0,1.32,8.55
CHEYENNE - 017004,294,235,21,23,0,0,3,20,79.93,7.14,7.82,0.0,0.0,1.02,6.8
CHEYENNE - 017005,61,57,0,1,0,0,1,2,93.44,0.0,1.64,0.0,0.0,1.64,3.28
CLEAR CREEK - 019001,1063,932,0,90,10,23,0,8,87.68,0.0,8.47,0.94,2.16,0.0,0.75
CLEAR CREEK - 019002,546,477,4,34,4,0,0,15,87.36,0.73,6.23,0.73,0.0,0.0,2.75
CLEAR CREEK - 019003,607,512,2,83,5,5,0,11,84.35,0.33,13.67,0.82,0.82,0.0,1.81
CLEAR CREEK - 019004,1096,1017,0,50,5,0,0,9,92.79,0.0,4.56,0.46,0.0,0.0,0.82
CLEAR CREEK - 019005,938,861,0,64,19,0,0,15,91.79,0.0,6.82,2.03,0.0,0.0,1.6
CLEAR CREEK - 019006,576,522,0,21,0,0,0,7,90.62,0.0,3.65,0.0,0.0,0.0,1.22
CLEAR CREEK - 019007,1245,1111,0,23,18,98,0,18,89.24,0.0,1.85,1.45,7.87,0.0,1.45
CLEAR CREEK - 019008,795,753,0,33,0,9,0,2,94.72,0.0,4.15,0.0,1.13,0.0,0.25
CLEAR CREEK - 019009,970,891,0,59,4,7,0,5,91.86,0.0,6.08,0.41,0.72,0.0,0.52
CONEJOS - 021001,467,89,0,367,0,0,0,0,19.06,0.0,78.59,0.0,0.0,0.0,0.0
CONEJOS - 021002,628,302,0,316,0,0,0,28,48.09,0.0,50.32,0.0,0.0,0.0,4.46
CONEJOS - 021003,519,321,0,204,0,0,0,0,61.85,0.0,39.31,0.0,0.0,0.0,0.0
CONEJOS - 021004,443,81,0,362,0,0,0,0,18.28,0.0,81.72,0.0,0.0,0.0,0.0
CONEJOS - 021005,549,222,0,292,30,0,0,6,40.44,0.0,53.19,5.46,0.0,0.0,1.09
CONEJOS - 021006,774,363,0,373,20,0,0,21,46.9,0.0,48.19,2.58,0.0,0.0,2.71
CONEJOS - 021007,195,94,0,96,0,0,0,5,48.21,0.0,49.23,0.0,0.0,0.0,2.56
CONEJOS - 021008,915,536,0,319,18,23,0,17,58.58,0.0,34.86,1.97,2.51,0.0,1.86
CONEJOS - 021009,499,280,0,203,0,0,0,0,56.11,0.0,40.68,0.0,0.0,0.0,0.0
CONEJOS - 021010,510,244,0,234,5,0,0,28,47.84,0.0,45.88,0.98,0.0,0.0,5.49
COSTILLA - 023001,178,35,6,139,0,0,0,0,19.66,3.37,78.09,0.0,0.0,0.0,0.0
COSTILLA - 023002,298,28,0,258,0,0,0,16,9.4,0.0,86.58,0.0,0.0,0.0,5.37
COSTILLA - 023003,219,26,0,191,0,0,0,6,11.87,0.0,87.21,0.0,0.0,0.0,2.74
COSTILLA - 023004,336,75,5,255,0,0,0,0,22.32,1.49,75.89,0.0,0.0,0.0,0.0
COSTILLA - 023005,318,176,0,114,0,0,0,34,55.35,0.0,35.85,0.0,0.0,0.0,10.69
COSTILLA - 023006,201,79,0,104,0,0,0,3,39.3,0.0,51.74,0.0,0.0,0.0,1.49
COSTILLA - 023007,803,447,11,317,0,0,0,27,55.67,1.37,39.48,0.0,0.0,0.0,3.36
COSTILLA - 023008,454,267,13,122,0,34,0,19,58.81,2.86,26.87,0.0,7.49,0.0,4.19
CROWLEY - 025001,1691,1095,124,341,48,25,10,27,64.75,7.33,20.17,2.84,1.48,0.59,1.6
CROWLEY - 025002,534,314,0,126,54,7,0,19,58.8,0.0,23.6,10.11,1.31,0.0,3.56
CROWLEY - 025003,539,295,52,173,14,1,0,24,54.73,9.65,32.1,2.6,0.19,0.0,4.45
CROWLEY - 025004,495,328,5,147,0,0,0,38,66.26,1.01,29.7,0.0,0.0,0.0,7.68
CROWLEY - 025005,1155,480,165,427,78,11,6,2,41.56,14.29,36.97,6.75,0.95,0.52,0.17
CROWLEY - 025006,431,248,0,133,8,1,1,18,57.54,0.0,30.86,1.86,0.23,0.23,4.18
CUSTER - 027001,2313,2132,0,79,0,34,0,104,92.17,0.0,3.42,0.0,1.47,0.0,4.5
CUSTER - 027002,603,573,0,0,0,0,0,0,95.02,0.0,0.0,0.0,0.0,0.0,0.0
CUSTER - 027003,1563,1394,0,86,0,20,0,57,89.19,0.0,5.5,0.0,1.28,0.0,3.65
DELTA - 029001,1800,1284,78,362,28,0,0,31,71.33,4.33,20.11,1.56,0.0,0.0,1.72
DELTA - 029002,1109,843,0,200,20,24,0,14,76.01,0.0,18.03,1.8,2.16,0.0,1.26
DELTA - 029003,1367,856,18,423,11,49,0,26,62.62,1.32,30.94,0.8,3.58,0.0,1.9
DELTA - 029004,1625,1202,0,303,0,8,0,101,73.97,0.0,18.65,0.0,0.49,0.0,6.22
DELTA - 029005,785,716,0,71,0,0,0,6,91.21,0.0,9.04,0.0,0.0,0.0,0.76
DELTA - 029006,1304,1074,0,208,1,0,0,23,82.36,0.0,15.95,0.08,0.0,0.0,1.76
DELTA - 029007,1196,929,0,264,5,0,0,0,77.68,0.0,22.07,0.42,0.0,0.0,0.0
DELTA - 029008,1440,1273,0,103,0,0,0,51,88.4,0.0,7.15,0.0,0.0,0.0,3.54
DELTA - 029009,1334,1222,4,89,0,12,0,9,91.6,0.3,6.67,0.0,0.9,0.0,0.67
DELTA - 029010,1275,1126,0,130,0,1,12,5,88.31,0.0,10.2,0.0,0.08,0.94,0.39
DELTA - 029011,1180,1096,0,67,0,0,2,17,92.88,0.0,5.68,0.0,0.0,0.17,1.44
DELTA - 029012,969,893,28,34,7,0,0,11,92.16,2.89,3.51,0.72,0.0,0.0,1.14
DELTA - 029013,953,881,0,48,0,10,0,4,92.44,0.0,5.04,0.0,1.05,0.0,0.42
DELTA - 029014,1258,1242,0,8,0,0,0,12,98.73,0.0,0.64,0.0,0.0,0.0,0.95
DELTA - 029015,1629,1579,0,66,0,0,0,9,96.93,0.0,4.05,0.0,0.0,0.0,0.55
DELTA - 029016,1105,955,0,162,0,0,0,6,86.43,0.0,14.66,0.0,0.0,0.0,0.54
DELTA - 029017,1548,1228,0,213,0,12,0,71,79.33,0.0,13.76,0.0,0.78,0.0,4.59
DELTA - 029018,1255,1129,34,77,0,0,0,18,89.96,2.71,6.14,0.0,0.0,0.0,1.43
DELTA - 029019,1130,1032,13,62,0,0,0,28,91.33,1.15,5.49,0.0,0.0,0.0,2.48
DELTA - 029020,923,832,0,60,0,0,0,24,90.14,0.0,6.5,0.0,0.0,0.0,2.6
DENVER - 031101,2274,492,64,1628,0,58,0,27,21.64,2.81,71.59,0.0,2.55,0.0,1.19
DENVER - 031102,2005,459,124,1273,11,119,0,47,22.89,6.18,63.49,0.55,5.94,0.0,2.34
DENVER - 031103,1819,583,21,1021,0,52,0,148,32.05,1.15,56.13,0.0,2.86,0.0,8.14
DENVER - 031104,1943,739,27,902,0,205,0,64,38.03,1.39,46.42,0.0,10.55,0.0,3.29
DENVER - 031105,1586,678,0,830,9,63,4,0,42.75,0.0,52.33,0.57,3.97,0.25,0.0
DENVER - 031106,1643,1030,0,567,0,48,0,0,62.69,0.0,34.51,0.0,2.92,0.0,0.0
DENVER - 031107,2138,779,23,1174,0,106,0,56,36.44,1.08,54.91,0.0,4.96,0.0,2.62
DENVER - 031108,1739,714,44,843,0,54,0,55,41.06,2.53,48.48,0.0,3.11,0.0,3.16
DENVER - 031109,1451,284,190,865,0,102,0,16,19.57,13.09,59.61,0.0,7.03,0.0,1.1
DENVER - 031110,1432,1059,13,251,0,65,0,56,73.95,0.91,17.53,0.0,4.54,0.0,3.91
DENVER - 031111,2087,1252,10,722,0,30,0,90,59.99,0.48,34.6,0.0,1.44,0.0,4.31
DENVER - 031112,1302,894,60,336,12,28,0,0,68.66,4.61,25.81,0.92,2.15,0.0,0.0
DENVER - 031113,1169,566,0,480,0,80,0,20,48.42,0.0,41.06,0.0,6.84,0.0,1.71
DENVER - 031114,1337,784,0,463,0,97,0,0,58.64,0.0,34.63,0.0,7.26,0.0,0.0
DENVER - 031115,560,214,0,293,0,15,0,26,38.21,0.0,52.32,0.0,2.68,0.0,4.64
DENVER - 031116,1362,727,0,600,7,13,0,3,53.38,0.0,44.05,0.51,0.95,0.0,0.22
DENVER - 031117,1309,604,4,517,0,200,0,4,46.14,0.31,39.5,0.0,15.28,0.0,0.31
DENVER - 031118,2448,1252,61,1116,0,0,0,19,51.14,2.49,45.59,0.0,0.0,0.0,0.78
DENVER - 031119,2475,822,0,1340,0,182,0,131,33.21,0.0,54.14,0.0,7.35,0.0,5.29
DENVER - 031120,2064,1454,31,479,36,16,0,48,70.45,1.5,23.21,1.74,0.78,0.0,2.33
DENVER - 031121,1358,850,0,368,0,69,0,63,62.59,0.0,27.1,0.0,5.08,0.0,4.64
DENVER - 031122,1559,929,9,448,5,79,0,46,59.59,0.58,28.74,0.32,5.07,0.0,2.95
DENVER - 031123,1978,1546,50,342,0,20,0,63,78.16,2.53,17.29,0.0,1.01,0.0,3.19
DENVER - 031124,1473,1122,14,202,0,115,0,36,76.17,0.95,13.71,0.0,7.81,0.0,2.44
DENVER - 031125,1492,1103,10,216,0,91,0,44,73.93,0.67,14.48,0.0,6.1,0.0,2.95
DENVER - 031126,1653,1276,15,234,0,73,0,65,77.19,0.91,14.16,0.0,4.42,0.0,3.93
DENVER - 031127,2118,1607,130,321,0,34,0,35,75.87,6.14,15.16,0.0,1.61,0.0,1.65
DENVER - 031128,810,574,0,215,0,14,0,0,70.86,0.0,26.54,0.0,1.73,0.0,0.0
DENVER - 031129,674,497,0,117,0,50,0,10,73.74,0.0,17.36,0.0,7.42,0.0,1.48
DENVER - 031130,1652,892,55,468,0,104,0,133,54.0,3.33,28.33,0.0,6.3,0.0,8.05
DENVER - 031131,1314,1023,42,154,0,81,0,14,77.85,3.2,11.72,0.0,6.16,0.0,1.07
DENVER - 031132,1483,1160,0,97,0,187,0,39,78.22,0.0,6.54,0.0,12.61,0.0,2.63
DENVER - 031201,2615,1981,55,403,0,83,0,109,75.76,2.1,15.41,0.0,3.17,0.0,4.17
DENVER - 031202,2123,1502,94,443,0,50,0,51,70.75,4.43,20.87,0.0,2.36,0.0,2.4
DENVER - 031203,1252,957,66,114,0,32,0,50,76.44,5.27,9.11,0.0,2.56,0.0,3.99
DENVER - 031204,2051,1414,167,332,0,31,0,92,68.94,8.14,16.19,0.0,1.51,0.0,4.49
DENVER - 031205,1490,1104,182,100,0,27,0,75,74.09,12.21,6.71,0.0,1.81,0.0,5.03
DENVER - 031206,1977,1612,80,187,0,22,0,85,81.54,4.05,9.46,0.0,1.11,0.0,4.3
DENVER - 031207,1731,1260,84,279,0,15,4,93,72.79,4.85,16.12,0.0,0.87,0.23,5.37
DENVER - 031208,1938,1440,77,230,0,11,0,186,74.3,3.97,11.87,0.0,0.57,0.0,9.6
DENVER - 031209,1434,1246,41,127,0,14,0,0,86.89,2.86,8.86,0.0,0.98,0.0,0.0
DENVER - 031210,1643,1158,122,225,0,55,0,101,70.48,7.43,13.69,0.0,3.35,0.0,6.15
DENVER - 031211,1103,801,37,240,0,11,0,47,72.62,3.35,21.76,0.0,1.0,0.0,4.26
DENVER - 031212,1827,1370,56,215,0,49,0,77,74.99,3.07,11.77,0.0,2.68,0.0,4.21
DENVER - 031213,1352,952,100,249,18,14,0,83,70.41,7.4,18.42,1.33,1.04,0.0,6.14
DENVER - 031214,1326,962,147,76,4,6,49,48,72.55,11.09,5.73,0.3,0.45,3.7,3.62
DENVER - 031215,2283,2068,34,140,2,13,0,23,90.58,1.49,6.13,0.09,0.57,0.0,1.01
DENVER - 031216,1618,1328,27,191,0,43,0,34,82.08,1.67,11.8,0.0,2.66,0.0,2.1
DENVER - 031217,1180,990,22,119,0,26,0,18,83.9,1.86,10.08,0.0,2.2,0.0,1.53
DENVER - 031218,1938,1537,14,197,53,20,0,132,79.31,0.72,10.17,2.73,1.03,0.0,6.81
DENVER - 031219,3025,2804,5,151,0,25,0,45,92.69,0.17,4.99,0.0,0.83,0.0,1.49
DENVER - 031220,2791,1780,51,414,37,72,144,261,63.78,1.83,14.83,1.33,2.58,5.16,9.35
DENVER - 031221,2037,1684,88,168,0,49,0,31,82.67,4.32,8.25,0.0,2.41,0.0,1.52
DENVER - 031222,1226,891,0,196,78,32,0,26,72.68,0.0,15.99,6.36,2.61,0.0,2.12
DENVER - 031223,856,796,0,37,0,14,0,4,92.99,0.0,4.32,0.0,1.64,0.0,0.47
DENVER - 031224,1781,1560,0,134,0,4,0,78,87.59,0.0,7.52,0.0,0.22,0.0,4.38
DENVER - 031225,887,831,0,38,0,13,0,8,93.69,0.0,4.28,0.0,1.47,0.0,0.9
DENVER - 031226,1005,948,0,42,0,12,0,1,94.33,0.0,4.18,0.0,1.19,0.0,0.1
DENVER - 031227,1031,945,5,44,0,31,0,18,91.66,0.48,4.27,0.0,3.01,0.0,1.75
DENVER - 031228,601,534,0,18,0,31,0,17,88.85,0.0,3.0,0.0,5.16,0.0,2.83
DENVER - 031229,1174,972,0,191,0,11,0,0,82.79,0.0,16.27,0.0,0.94,0.0,0.0
DENVER - 031230,862,771,0,43,0,35,0,22,89.44,0.0,4.99,0.0,4.06,0.0,2.55
DENVER - 031231,939,831,4,22,0,61,0,25,88.5,0.43,2.34,0.0,6.5,0.0,2.66
DENVER - 031232,1901,1290,216,347,0,21,0,27,67.86,11.36,18.25,0.0,1.1,0.0,1.42
DENVER - 031233,2604,1999,22,353,0,105,0,130,76.77,0.84,13.56,0.0,4.03,0.0,4.99
DENVER - 031234,1666,1468,6,119,0,37,0,37,88.12,0.36,7.14,0.0,2.22,0.0,2.22
DENVER - 031235,1609,1496,3,71,0,32,0,1,92.98,0.19,4.41,0.0,1.99,0.0,0.06
DENVER - 031236,1150,1055,0,43,0,15,0,35,91.74,0.0,3.74,0.0,1.3,0.0,3.04
DENVER - 031237,2624,1970,63,316,40,71,5,187,75.08,2.4,12.04,1.52,2.71,0.19,7.13
DENVER - 031238,3378,2243,119,603,0,194,0,221,66.4,3.52,17.85,0.0,5.74,0.0,6.54
DENVER - 031239,1476,1098,233,34,19,10,0,77,74.39,15.79,2.3,1.29,0.68,0.0,5.22
DENVER - 031240,1341,876,109,194,0,56,40,57,65.32,8.13,14.47,0.0,4.18,2.98,4.25
DENVER - 031241,1150,916,120,91,3,35,0,18,79.65,10.43,7.91,0.26,3.04,0.0,1.57
DENVER - 031242,1106,910,21,99,6,28,0,9,82.28,1.9,8.95,0.54,2.53,0.0,0.81
DENVER - 031243,1305,1097,3,81,22,26,0,59,84.06,0.23,6.21,1.69,1.99,0.0,4.52
DENVER - 031244,1428,1085,19,175,7,48,0,81,75.98,1.33,12.25,0.49,3.36,0.0,5.67
DENVER - 031245,1373,1044,0,156,0,59,0,114,76.04,0.0,11.36,0.0,4.3,0.0,8.3
DENVER - 031246,1086,987,0,62,0,34,0,6,90.88,0.0,5.71,0.0,3.13,0.0,0.55
DENVER - 031247,1284,852,50,114,0,137,0,110,66.36,3.89,8.88,0.0,10.67,0.0,8.57
DENVER - 031248,1357,1265,16,68,0,0,0,12,93.22,1.18,5.01,0.0,0.0,0.0,0.88
DENVER - 031249,1254,1209,0,65,0,0,0,3,96.41,0.0,5.18,0.0,0.0,0.0,0.24
DENVER - 031250,1108,1034,0,38,0,11,0,2,93.32,0.0,3.43,0.0,0.99,0.0,0.18
DENVER - 031401,1909,1020,27,605,27,163,8,96,53.43,1.41,31.69,1.41,8.54,0.42,5.03
DENVER - 031402,2056,1513,49,316,16,63,8,54,73.59,2.38,15.37,0.78,3.06,0.39,2.63
DENVER - 031403,1360,856,80,351,9,15,8,41,62.94,5.88,25.81,0.66,1.1,0.59,3.01
DENVER - 031404,1372,1048,0,229,0,90,0,15,76.38,0.0,16.69,0.0,6.56,0.0,1.09
DENVER - 031405,1510,1069,50,332,0,35,0,14,70.79,3.31,21.99,0.0,2.32,0.0,0.93
DENVER - 031406,1086,818,0,216,0,16,0,25,75.32,0.0,19.89,0.0,1.47,0.0,2.3
DENVER - 031407,1524,1297,5,169,4,0,0,44,85.1,0.33,11.09,0.26,0.0,0.0,2.89
DENVER - 031408,1549,1345,12,148,0,0,0,54,86.83,0.77,9.55,0.0,0.0,0.0,3.49
DENVER - 031409,1341,1086,0,211,0,0,0,39,80.98,0.0,15.73,0.0,0.0,0.0,2.91
DENVER - 031410,1265,902,0,323,0,10,0,35,71.3,0.0,25.53,0.0,0.79,0.0,2.77
DENVER - 031411,1250,729,26,469,7,35,0,8,58.32,2.08,37.52,0.56,2.8,0.0,0.64
DENVER - 031412,1726,1511,39,126,0,10,0,38,87.54,2.26,7.3,0.0,0.58,0.0,2.2
DENVER - 031413,1795,1487,0,195,0,74,0,56,82.84,0.0,10.86,0.0,4.12,0.0,3.12
DENVER - 031414,1453,1226,27,122,0,9,0,46,84.38,1.86,8.4,0.0,0.62,0.0,3.17
DENVER - 031415,2368,2175,13,103,0,24,0,61,91.85,0.55,4.35,0.0,1.01,0.0,2.58
DENVER - 031416,1586,1317,0,42,0,1,0,226,83.04,0.0,2.65,0.0,0.06,0.0,14.25
DENVER - 031417,1182,980,0,166,0,28,0,12,82.91,0.0,14.04,0.0,2.37,0.0,1.02
DENVER - 031418,2101,1761,32,194,1,43,0,62,83.82,1.52,9.23,0.05,2.05,0.0,2.95
DENVER - 031419,1329,1115,6,136,0,18,0,52,83.9,0.45,10.23,0.0,1.35,0.0,3.91
DENVER - 031420,1607,1228,30,170,0,71,0,76,76.42,1.87,10.58,0.0,4.42,0.0,4.73
DENVER - 031421,1835,1393,30,331,0,42,0,64,75.91,1.63,18.04,0.0,2.29,0.0,3.49
DENVER - 031422,1674,1225,0,306,0,55,0,97,73.18,0.0,18.28,0.0,3.29,0.0,5.79
DENVER - 031423,2209,1334,316,536,0,35,0,29,60.39,14.31,24.26,0.0,1.58,0.0,1.31
DENVER - 031424,2562,1881,62,534,0,29,0,22,73.42,2.42,20.84,0.0,1.13,0.0,0.86
DENVER - 031425,1383,901,57,334,0,49,0,50,65.15,4.12,24.15,0.0,3.54,0.0,3.62
DENVER - 031426,3999,2478,321,793,0,34,10,348,61.97,8.03,19.83,0.0,0.85,0.25,8.7
DENVER - 031427,545,94,218,202,0,13,0,18,17.25,40.0,37.06,0.0,2.39,0.0,3.3
DENVER - 031428,2070,611,33,916,43,2,431,10,29.52,1.59,44.25,2.08,0.1,20.82,0.48
DENVER - 031429,1363,582,42,669,25,48,0,42,42.7,3.08,49.08,1.83,3.52,0.0,3.08
DENVER - 031430,1269,637,44,515,37,4,0,11,50.2,3.47,40.58,2.92,0.32,0.0,0.87
DENVER - 031431,2033,444,17,1475,10,39,0,35,21.84,0.84,72.55,0.49,1.92,0.0,1.72
DENVER - 031432,1338,547,12,731,11,12,0,14,40.88,0.9,54.63,0.82,0.9,0.0,1.05
DENVER - 031433,1498,397,73,994,8,21,0,18,26.5,4.87,66.36,0.53,1.4,0.0,1.2
DENVER - 031434,1775,715,19,888,56,14,0,94,40.28,1.07,50.03,3.15,0.79,0.0,5.3
DENVER - 031435,1369,315,0,1021,0,9,0,25,23.01,0.0,74.58,0.0,0.66,0.0,1.83
DENVER - 031436,2010,378,70,1416,0,98,0,24,18.81,3.48,70.45,0.0,4.88,0.0,1.19
DENVER - 031501,1700,877,31,767,0,25,0,0,51.59,1.82,45.12,0.0,1.47,0.0,0.0
DENVER - 031502,1406,638,145,507,0,92,0,24,45.38,10.31,36.06,0.0,6.54,0.0,1.71
DENVER - 031503,1899,407,154,1315,0,0,0,25,21.43,8.11,69.25,0.0,0.0,0.0,1.32
DENVER - 031504,1312,225,34,1019,23,0,0,9,17.15,2.59,77.67,1.75,0.0,0.0,0.69
DENVER - 031505,1228,564,74,366,0,127,0,84,45.93,6.03,29.8,0.0,10.34,0.0,6.84
DENVER - 031506,1400,932,6,380,0,48,0,31,66.57,0.43,27.14,0.0,3.43,0.0,2.21
DENVER - 031507,1993,1274,166,482,0,13,0,56,63.92,8.33,24.18,0.0,0.65,0.0,2.81
DENVER - 031508,1212,941,0,165,7,26,0,68,77.64,0.0,13.61,0.58,2.15,0.0,5.61
DENVER - 031509,1690,1341,0,226,9,58,0,56,79.35,0.0,13.37,0.53,3.43,0.0,3.31
DENVER - 031510,2194,1188,220,582,39,61,5,99,54.15,10.03,26.53,1.78,2.78,0.23,4.51
DENVER - 031511,1741,1502,4,157,3,33,0,37,86.27,0.23,9.02,0.17,1.9,0.0,2.13
DENVER - 031512,2176,1924,0,125,1,29,0,111,88.42,0.0,5.74,0.05,1.33,0.0,5.1
DENVER - 031513,5157,4134,23,571,0,242,34,150,80.16,0.45,11.07,0.0,4.69,0.66,2.91
DENVER - 031514,2066,1612,71,225,0,14,0,148,78.03,3.44,10.89,0.0,0.68,0.0,7.16
DENVER - 031515,6950,5205,390,900,45,114,0,279,74.89,5.61,12.95,0.65,1.64,0.0,4.01
DENVER - 031516,879,547,0,318,4,0,0,10,62.23,0.0,36.18,0.46,0.0,0.0,1.14
DENVER - 031517,1238,1106,10,20,0,66,0,29,89.34,0.81,1.62,0.0,5.33,0.0,2.34
DENVER - 031518,1581,1151,51,72,0,307,0,14,72.8,3.23,4.55,0.0,19.42,0.0,0.89
DENVER - 031519,2061,1247,404,106,11,110,0,208,60.5,19.6,5.14,0.53,5.34,0.0,10.09
DENVER - 031520,1234,883,37,254,1,4,0,86,71.56,3.0,20.58,0.08,0.32,0.0,6.97
DENVER - 031521,1680,1269,7,316,0,9,0,35,75.54,0.42,18.81,0.0,0.54,0.0,2.08
DENVER - 031522,4620,3083,375,845,28,98,0,191,66.73,8.12,18.29,0.61,2.12,0.0,4.13
DENVER - 031523,2192,1931,63,118,0,24,4,49,88.09,2.87,5.38,0.0,1.09,0.18,2.24
DENVER - 031524,1852,1516,55,136,0,26,0,119,81.86,2.97,7.34,0.0,1.4,0.0,6.43
DENVER - 031525,2363,1527,391,234,0,5,0,206,64.62,16.55,9.9,0.0,0.21,0.0,8.72
DENVER - 031526,1595,967,90,463,0,46,0,29,60.63,5.64,29.03,0.0,2.88,0.0,1.82
DENVER - 031527,2662,1436,227,708,35,63,5,228,53.94,8.53,26.6,1.31,2.37,0.19,8.56
DENVER - 031528,2428,1560,110,591,0,13,0,114,64.25,4.53,24.34,0.0,0.54,0.0,4.7
DENVER - 031529,3985,2512,526,604,29,191,0,123,63.04,13.2,15.16,0.73,4.79,0.0,3.09
DENVER - 031530,151,91,19,23,0,0,0,31,60.26,12.58,15.23,0.0,0.0,0.0,20.53
DENVER - 031531,2193,877,0,1277,0,39,0,0,39.99,0.0,58.23,0.0,1.78,0.0,0.0
DENVER - 031532,705,418,27,206,3,9,6,38,59.29,3.83,29.22,0.43,1.28,0.85,5.39
DENVER - 031533,2005,1044,27,863,3,47,0,24,52.07,1.35,43.04,0.15,2.34,0.0,1.2
DENVER - 031534,1272,539,0,672,1,43,0,30,42.37,0.0,52.83,0.08,3.38,0.0,2.36
DENVER - 031535,1704,973,0,659,14,31,0,11,57.1,0.0,38.67,0.82,1.82,0.0,0.65
DENVER - 031536,1574,337,97,941,0,199,0,0,21.41,6.16,59.78,0.0,12.64,0.0,0.0
DENVER - 031537,1542,697,212,465,0,121,0,66,45.2,13.75,30.16,0.0,7.85,0.0,4.28
DENVER - 031538,1365,531,20,732,0,82,0,0,38.9,1.47,53.63,0.0,6.01,0.0,0.0
DENVER - 031539,1712,563,89,998,0,26,5,15,32.89,5.2,58.29,0.0,1.52,0.29,0.88
DENVER - 031601,654,545,2,79,0,0,0,23,83.33,0.31,12.08,0.0,0.0,0.0,3.52
DENVER - 031602,1290,826,150,239,0,36,0,46,64.03,11.63,18.53,0.0,2.79,0.0,3.57
DENVER - 031603,938,661,26,147,18,22,0,93,70.47,2.77,15.67,1.92,2.35,0.0,9.91
DENVER - 031604,1893,916,454,249,19,187,0,39,48.39,23.98,13.15,1.0,9.88,0.0,2.06
DENVER - 031605,1071,689,71,273,0,0,0,47,64.33,6.63,25.49,0.0,0.0,0.0,4.39
DENVER - 031606,1157,805,40,229,2,4,0,50,69.58,3.46,19.79,0.17,0.35,0.0,4.32
DENVER - 031607,782,692,34,36,0,20,0,3,88.49,4.35,4.6,0.0,2.56,0.0,0.38
DENVER - 031608,1192,1090,0,100,0,9,0,0,91.44,0.0,8.39,0.0,0.76,0.0,0.0
DENVER - 031609,245,208,0,5,19,11,0,7,84.9,0.0,2.04,7.76,4.49,0.0,2.86
DENVER - 031610,333,292,0,27,0,3,2,7,87.69,0.0,8.11,0.0,0.9,0.6,2.1
DENVER - 031611,991,869,33,76,0,0,0,16,87.69,3.33,7.67,0.0,0.0,0.0,1.61
DENVER - 031612,1086,928,19,97,0,5,0,20,85.45,1.75,8.93,0.0,0.46,0.0,1.84
DENVER - 031613,1171,887,23,208,4,33,0,36,75.75,1.96,17.76,0.34,2.82,0.0,3.07
DENVER - 031614,537,456,0,52,0,5,0,21,84.92,0.0,9.68,0.0,0.93,0.0,3.91
DENVER - 031615,1073,965,25,62,0,44,0,40,89.93,2.33,5.78,0.0,4.1,0.0,3.73
DENVER - 031616,1467,1353,4,82,0,6,0,15,92.23,0.27,5.59,0.0,0.41,0.0,1.02
DENVER - 031617,947,792,51,60,0,6,0,50,83.63,5.39,6.34,0.0,0.63,0.0,5.28
DENVER - 031618,779,734,12,32,0,1,0,4,94.22,1.54,4.11,0.0,0.13,0.0,0.51
DENVER - 031619,1372,1154,58,133,0,2,0,9,84.11,4.23,9.69,0.0,0.15,0.0,0.66
DENVER - 031620,2249,1948,156,26,2,58,0,56,86.62,6.94,1.16,0.09,2.58,0.0,2.49
DENVER - 031621,1309,1047,0,101,7,106,0,51,79.98,0.0,7.72,0.53,8.1,0.0,3.9
DENVER - 031622,964,876,0,29,0,52,0,3,90.87,0.0,3.01,0.0,5.39,0.0,0.31
DENVER - 031623,1190,1118,0,50,0,18,0,10,93.95,0.0,4.2,0.0,1.51,0.0,0.84
DENVER - 031624,1260,1044,10,144,0,1,0,58,82.86,0.79,11.43,0.0,0.08,0.0,4.6
DENVER - 031625,1025,804,59,63,0,25,0,15,78.44,5.76,6.15,0.0,2.44,0.0,1.46
DENVER - 031626,1185,874,183,12,0,59,0,20,73.76,15.44,1.01,0.0,4.98,0.0,1.69
DENVER - 031627,967,859,7,41,0,22,0,36,88.83,0.72,4.24,0.0,2.28,0.0,3.72
DENVER - 031628,1442,894,272,101,0,79,0,90,62.0,18.86,7.0,0.0,5.48,0.0,6.24
DENVER - 031629,1617,1305,21,48,0,108,0,141,80.71,1.3,2.97,0.0,6.68,0.0,8.72
DENVER - 031630,886,677,0,39,0,63,0,110,76.41,0.0,4.4,0.0,7.11,0.0,12.42
DENVER - 031631,2961,1771,544,309,0,149,0,213,59.81,18.37,10.44,0.0,5.03,0.0,7.19
DENVER - 031632,1359,1218,41,113,0,28,0,8,89.62,3.02,8.31,0.0,2.06,0.0,0.59
DENVER - 031633,1105,988,0,36,5,13,0,14,89.41,0.0,3.26,0.45,1.18,0.0,1.27
DENVER - 031634,1188,1097,13,59,0,27,0,4,92.34,1.09,4.97,0.0,2.27,0.0,0.34
DENVER - 031635,1924,1774,25,65,20,21,0,7,92.2,1.3,3.38,1.04,1.09,0.0,0.36
DENVER - 031636,1097,926,107,50,0,21,0,1,84.41,9.75,4.56,0.0,1.91,0.0,0.09
DENVER - 031637,1343,1195,0,102,0,0,0,46,88.98,0.0,7.59,0.0,0.0,0.0,3.43
DENVER - 031638,488,416,15,8,0,45,0,4,85.25,3.07,1.64,0.0,9.22,0.0,0.82
DENVER - 031639,1014,849,48,67,0,29,0,14,83.73,4.73,6.61,0.0,2.86,0.0,1.38
DENVER - 031640,1531,1312,15,73,0,54,0,64,85.7,0.98,4.77,0.0,3.53,0.0,4.18
DENVER - 031641,1591,1178,37,193,0,54,0,129,74.04,2.33,12.13,0.0,3.39,0.0,8.11
DENVER - 031642,964,674,78,169,0,18,0,25,69.92,8.09,17.53,0.0,1.87,0.0,2.59
DENVER - 031643,1143,657,163,189,0,37,0,98,57.48,14.26,16.54,0.0,3.24,0.0,8.57
DENVER - 031644,1156,881,116,159,0,0,0,0,76.21,10.03,13.75,0.0,0.0,0.0,0.0
DENVER - 031645,1064,908,118,40,0,0,0,0,85.34,11.09,3.76,0.0,0.0,0.0,0.0
DENVER - 031646,2478,1339,764,289,0,70,0,16,54.04,30.83,11.66,0.0,2.82,0.0,0.65
DENVER - 031647,1398,1022,59,173,10,39,0,99,73.1,4.22,12.37,0.72,2.79,0.0,7.08
DENVER - 031648,1605,1085,187,217,0,37,0,91,67.6,11.65,13.52,0.0,2.31,0.0,5.67
DENVER - 031649,2950,1478,822,510,68,16,0,75,50.1,27.86,17.29,2.31,0.54,0.0,2.54
DENVER - 031650,1299,920,89,256,0,13,0,20,70.82,6.85,19.71,0.0,1.0,0.0,1.54
DENVER - 031651,2379,1158,433,452,0,256,0,80,48.68,18.2,19.0,0.0,10.76,0.0,3.36
DENVER - 031652,1255,1118,124,19,0,0,0,0,89.08,9.88,1.51,0.0,0.0,0.0,0.0
DENVER - 031701,1437,541,439,421,20,9,0,6,37.65,30.55,29.3,1.39,0.63,0.0,0.42
DENVER - 031702,1489,1170,25,188,6,73,0,52,78.58,1.68,12.63,0.4,4.9,0.0,3.49
DENVER - 031703,609,485,43,23,0,24,0,12,79.64,7.06,3.78,0.0,3.94,0.0,1.97
DENVER - 031704,950,245,495,156,6,8,0,23,25.79,52.11,16.42,0.63,0.84,0.0,2.42
DENVER - 031705,1734,1141,145,243,0,63,4,77,65.8,8.36,14.01,0.0,3.63,0.23,4.44
DENVER - 031706,1109,962,33,7,0,104,0,0,86.74,2.98,0.63,0.0,9.38,0.0,0.0
DENVER - 031707,744,597,3,114,3,32,0,0,80.24,0.4,15.32,0.4,4.3,0.0,0.0
DENVER - 031708,3487,2090,425,847,76,40,0,4,59.94,12.19,24.29,2.18,1.15,0.0,0.11
DENVER - 031709,988,557,399,30,0,7,0,12,56.38,40.38,3.04,0.0,0.71,0.0,1.21
DENVER - 031710,903,568,220,102,0,35,0,69,62.9,24.36,11.3,0.0,3.88,0.0,7.64
DENVER - 031711,398,266,78,33,0,13,0,8,66.83,19.6,8.29,0.0,3.27,0.0,2.01
DENVER - 031712,325,148,81,87,0,3,0,4,45.54,24.92,26.77,0.0,0.92,0.0,1.23
DENVER - 031713,1396,974,226,69,0,41,0,50,69.77,16.19,4.94,0.0,2.94,0.0,3.58
DENVER - 031714,1176,232,418,467,0,17,0,17,19.73,35.54,39.71,0.0,1.45,0.0,1.45
DENVER - 031715,1112,285,177,612,25,0,0,21,25.63,15.92,55.04,2.25,0.0,0.0,1.89
DENVER - 031716,1798,209,202,1348,0,15,0,24,11.62,11.23,74.97,0.0,0.83,0.0,1.33
DENVER - 031717,1056,179,241,593,0,22,0,16,16.95,22.82,56.16,0.0,2.08,0.0,1.52
DENVER - 031718,1021,123,273,616,0,0,0,17,12.05,26.74,60.33,0.0,0.0,0.0,1.67
DENVER - 031719,951,168,317,444,0,0,0,10,17.67,33.33,46.69,0.0,0.0,0.0,1.05
DENVER - 031720,1574,122,638,722,0,25,10,58,7.75,40.53,45.87,0.0,1.59,0.64,3.68
DENVER - 031721,931,156,388,297,0,47,0,47,16.76,41.68,31.9,0.0,5.05,0.0,5.05
DENVER - 031722,1678,139,523,802,0,178,0,45,8.28,31.17,47.79,0.0,10.61,0.0,2.68
DENVER - 031723,1022,129,272,544,9,0,0,29,12.62,26.61,53.23,0.88,0.0,0.0,2.84
DENVER - 031724,1164,126,383,635,0,0,0,47,10.82,32.9,54.55,0.0,0.0,0.0,4.04
DENVER - 031725,1158,233,289,570,0,26,0,10,20.12,24.96,49.22,0.0,2.25,0.0,0.86
DENVER - 031726,1385,226,619,562,0,6,0,26,16.32,44.69,40.58,0.0,0.43,0.0,1.88
DENVER - 031727,1438,398,348,652,0,0,0,40,27.68,24.2,45.34,0.0,0.0,0.0,2.78
DENVER - 031728,3807,1119,1479,1101,0,55,16,37,29.39,38.85,28.92,0.0,1.44,0.42,0.97
DENVER - 031729,4209,934,996,1602,0,677,0,0,22.19,23.66,38.06,0.0,16.08,0.0,0.0
DENVER - 031730,2293,790,599,637,0,299,0,1,34.45,26.12,27.78,0.0,13.04,0.0,0.04
DENVER - 031731,2027,468,600,778,0,164,0,8,23.09,29.6,38.38,0.0,8.09,0.0,0.39
DENVER - 031732,1244,194,600,352,0,59,0,10,15.59,48.23,28.3,0.0,4.74,0.0,0.8
DENVER - 031733,4301,1741,706,1596,38,113,0,107,40.48,16.41,37.11,0.88,2.63,0.0,2.49
DENVER - 031734,1780,300,539,634,0,101,0,162,16.85,30.28,35.62,0.0,5.67,0.0,9.1
DENVER - 031735,1571,265,636,511,0,50,0,45,16.87,40.48,32.53,0.0,3.18,0.0,2.86
DENVER - 031736,1047,244,262,396,53,85,0,7,23.3,25.02,37.82,5.06,8.12,0.0,0.67
DENVER - 031737,1253,385,281,444,41,130,0,7,30.73,22.43,35.43,3.27,10.38,0.0,0.56
DENVER - 031738,1128,197,579,283,0,54,0,51,17.46,51.33,25.09,0.0,4.79,0.0,4.52
DENVER - 031739,1864,168,1089,489,0,138,0,52,9.01,58.42,26.23,0.0,7.4,0.0,2.79
DENVER - 031740,1023,333,280,330,0,32,0,27,32.55,27.37,32.26,0.0,3.13,0.0,2.64
DENVER - 031741,1275,186,612,420,0,25,0,23,14.59,48.0,32.94,0.0,1.96,0.0,1.8
DENVER - 031742,2841,1085,715,612,0,367,0,62,38.19,25.17,21.54,0.0,12.92,0.0,2.18
DENVER - 031743,768,690,7,16,4,60,0,16,89.84,0.91,2.08,0.52,7.81,0.0,2.08
DENVER - 031744,8077,4669,1039,1360,6,707,7,267,57.81,12.86,16.84,0.07,8.75,0.09,3.31
DENVER - 031801,1457,693,131,578,0,13,0,50,47.56,8.99,39.67,0.0,0.89,0.0,3.43
DENVER - 031802,1175,579,197,307,0,35,0,49,49.28,16.77,26.13,0.0,2.98,0.0,4.17
DENVER - 031803,1117,495,168,360,6,25,0,54,44.32,15.04,32.23,0.54,2.24,0.0,4.83
DENVER - 031804,757,403,100,196,19,38,0,12,53.24,13.21,25.89,2.51,5.02,0.0,1.59
DENVER - 031805,939,389,252,265,2,29,0,0,41.43,26.84,28.22,0.21,3.09,0.0,0.0
DENVER - 031806,2245,778,677,417,0,53,7,262,34.65,30.16,18.57,0.0,2.36,0.31,11.67
DENVER - 031807,1093,552,354,170,0,0,0,71,50.5,32.39,15.55,0.0,0.0,0.0,6.5
DENVER - 031808,1167,347,447,335,0,0,0,36,29.73,38.3,28.71,0.0,0.0,0.0,3.08
DENVER - 031809,2224,1537,235,269,0,113,0,70,69.11,10.57,12.1,0.0,5.08,0.0,3.15
DENVER - 031810,2000,1012,554,227,77,4,0,124,50.6,27.7,11.35,3.85,0.2,0.0,6.2
DENVER - 031811,1407,948,160,220,0,32,0,48,67.38,11.37,15.64,0.0,2.27,0.0,3.41
DENVER - 031812,1136,710,145,218,0,37,0,27,62.5,12.76,19.19,0.0,3.26,0.0,2.38
DENVER - 031813,1128,795,86,183,0,7,0,13,70.48,7.62,16.22,0.0,0.62,0.0,1.15
DENVER - 031814,880,710,59,108,0,19,0,8,80.68,6.7,12.27,0.0,2.16,0.0,0.91
DENVER - 031815,701,561,44,57,0,31,0,27,80.03,6.28,8.13,0.0,4.42,0.0,3.85
DENVER - 031816,750,604,54,50,0,23,0,20,80.53,7.2,6.67,0.0,3.07,0.0,2.67
DENVER - 031817,933,551,243,112,0,0,0,26,59.06,26.05,12.0,0.0,0.0,0.0,2.79
DENVER - 031818,768,381,215,118,4,1,0,36,49.61,27.99,15.36,0.52,0.13,0.0,4.69
DENVER - 031819,1087,463,280,172,4,12,0,170,42.59,25.76,15.82,0.37,1.1,0.0,15.64
DENVER - 031820,1154,463,493,125,0,32,0,26,40.12,42.72,10.83,0.0,2.77,0.0,2.25
DENVER - 031821,685,340,192,84,0,0,0,42,49.64,28.03,12.26,0.0,0.0,0.0,6.13
DENVER - 031822,868,556,230,60,0,0,0,28,64.06,26.5,6.91,0.0,0.0,0.0,3.23
DENVER - 031823,1206,1029,96,21,0,27,0,37,85.32,7.96,1.74,0.0,2.24,0.0,3.07
DENVER - 031824,1218,1014,76,88,4,15,0,94,83.25,6.24,7.22,0.33,1.23,0.0,7.72
DENVER - 031825,1003,724,135,59,1,43,0,0,72.18,13.46,5.88,0.1,4.29,0.0,0.0
DENVER - 031826,1459,884,291,184,2,30,0,56,60.59,19.95,12.61,0.14,2.06,0.0,3.84
DENVER - 031827,1531,1299,102,99,0,0,0,42,84.85,6.66,6.47,0.0,0.0,0.0,2.74
DENVER - 031828,2021,1347,179,336,3,137,0,20,66.65,8.86,16.63,0.15,6.78,0.0,0.99
DENVER - 031829,1684,1309,58,163,0,79,0,75,77.73,3.44,9.68,0.0,4.69,0.0,4.45
DENVER - 031830,1186,985,72,93,0,8,0,28,83.05,6.07,7.84,0.0,0.67,0.0,2.36
DENVER - 031831,863,665,27,135,0,22,0,1,77.06,3.13,15.64,0.0,2.55,0.0,0.12
DENVER - 031832,935,823,47,19,0,53,0,6,88.02,5.03,2.03,0.0,5.67,0.0,0.64
DENVER - 031833,1273,1042,56,70,0,6,0,99,81.85,4.4,5.5,0.0,0.47,0.0,7.78
DENVER - 031834,899,750,36,66,0,42,0,5,83.43,4.0,7.34,0.0,4.67,0.0,0.56
DENVER - 031835,1149,914,9,110,0,12,0,78,79.55,0.78,9.57,0.0,1.04,0.0,6.79
DENVER - 031836,1155,920,23,115,0,10,0,113,79.65,1.99,9.96,0.0,0.87,0.0,9.78
DENVER - 031837,1556,791,195,468,0,54,0,40,50.84,12.53,30.08,0.0,3.47,0.0,2.57
DENVER - 031838,1454,869,132,323,0,89,0,51,59.77,9.08,22.21,0.0,6.12,0.0,3.51
DENVER - 031839,596,454,7,44,0,71,0,10,76.17,1.17,7.38,0.0,11.91,0.0,1.68
DENVER - 031840,618,489,0,101,0,29,0,12,79.13,0.0,16.34,0.0,4.69,0.0,1.94
DENVER - 031841,1510,1288,21,131,15,2,0,40,85.3,1.39,8.68,0.99,0.13,0.0,2.65
DENVER - 031842,1242,997,91,102,11,6,0,36,80.27,7.33,8.21,0.89,0.48,0.0,2.9
DENVER - 031843,1210,1005,32,97,0,0,0,87,83.06,2.64,8.02,0.0,0.0,0.0,7.19
DENVER - 031844,1823,1496,126,85,0,12,0,95,82.06,6.91,4.66,0.0,0.66,0.0,5.21
DENVER - 031845,1198,873,10,263,0,35,0,43,72.87,0.83,21.95,0.0,2.92,0.0,3.59
DENVER - 031846,1171,861,97,130,0,29,0,42,73.53,8.28,11.1,0.0,2.48,0.0,3.59
DENVER - 031847,748,625,27,57,0,19,0,12,83.56,3.61,7.62,0.0,2.54,0.0,1.6
DENVER - 031848,1513,1398,35,69,0,14,0,14,92.4,2.31,4.56,0.0,0.93,0.0,0.93
DENVER - 031849,1406,1229,0,92,0,0,0,71,87.41,0.0,6.54,0.0,0.0,0.0,5.05
DENVER - 031850,1270,1083,22,51,0,0,0,112,85.28,1.73,4.02,0.0,0.0,0.0,8.82
DENVER - 031851,1492,1356,35,40,0,16,0,54,90.88,2.35,2.68,0.0,1.07,0.0,3.62
DENVER - 031852,978,825,20,72,0,25,0,15,84.36,2.04,7.36,0.0,2.56,0.0,1.53
DENVER - 031853,825,731,8,35,0,25,0,12,88.61,0.97,4.24,0.0,3.03,0.0,1.45
DENVER - 031854,1258,1054,59,97,0,41,2,23,83.78,4.69,7.71,0.0,3.26,0.16,1.83
DENVER - 031855,2973,2167,277,332,0,72,0,143,72.89,9.32,11.17,0.0,2.42,0.0,4.81
DENVER - 031901,2169,1521,129,360,30,53,0,75,70.12,5.95,16.6,1.38,2.44,0.0,3.46
DENVER - 031902,3083,1902,394,533,72,110,0,84,61.69,12.78,17.29,2.34,3.57,0.0,2.72
DENVER - 031903,1406,1201,0,166,0,13,6,32,85.42,0.0,11.81,0.0,0.92,0.43,2.28
DENVER - 031904,1346,1078,121,78,0,17,0,49,80.09,8.99,5.79,0.0,1.26,0.0,3.64
DENVER - 031905,343,241,13,34,4,2,0,10,70.26,3.79,9.91,1.17,0.58,0.0,2.92
DENVER - 031906,1560,1118,188,216,6,32,0,0,71.67,12.05,13.85,0.38,2.05,0.0,0.0
DENVER - 031907,2221,1434,147,435,11,52,0,135,64.57,6.62,19.59,0.5,2.34,0.0,6.08
DENVER - 031908,1385,1188,0,148,0,10,0,27,85.78,0.0,10.69,0.0,0.72,0.0,1.95
DENVER - 031909,1515,1341,33,55,0,54,0,35,88.51,2.18,3.63,0.0,3.56,0.0,2.31
DENVER - 031910,1804,1255,146,123,0,220,0,60,69.57,8.09,6.82,0.0,12.2,0.0,3.33
DENVER - 031911,2627,1789,167,433,71,33,0,127,68.1,6.36,16.48,2.7,1.26,0.0,4.83
DENVER - 031912,1655,1204,203,148,0,33,0,67,72.75,12.27,8.94,0.0,1.99,0.0,4.05
DENVER - 031913,1849,1508,123,153,0,55,0,24,81.56,6.65,8.27,0.0,2.97,0.0,1.3
DENVER - 031914,1364,1266,0,35,0,54,0,7,92.82,0.0,2.57,0.0,3.96,0.0,0.51
DENVER - 031915,930,770,0,148,0,9,0,17,82.8,0.0,15.91,0.0,0.97,0.0,1.83
DENVER - 031916,2254,1847,132,98,0,18,0,161,81.94,5.86,4.35,0.0,0.8,0.0,7.14
DENVER - 031917,1631,1337,23,232,0,3,0,19,81.97,1.41,14.22,0.0,0.18,0.0,1.16
DENVER - 031918,1486,1069,112,289,0,13,0,13,71.94,7.54,19.45,0.0,0.87,0.0,0.87
DENVER - 031919,1385,1034,95,169,0,24,0,39,74.66,6.86,12.2,0.0,1.73,0.0,2.82
DENVER - 031920,1449,1213,39,59,0,39,0,90,83.71,2.69,4.07,0.0,2.69,0.0,6.21
DENVER - 031921,2124,955,451,548,0,68,0,96,44.96,21.23,25.8,0.0,3.2,0.0,4.52
DENVER - 031922,1970,1574,195,179,0,17,0,33,79.9,9.9,9.09,0.0,0.86,0.0,1.68
DENVER - 031923,1543,822,129,495,11,39,0,65,53.27,8.36,32.08,0.71,2.53,0.0,4.21
DENVER - 031924,2443,1004,467,596,44,126,0,206,41.1,19.12,24.4,1.8,5.16,0.0,8.43
DENVER - 031925,731,634,18,52,0,15,0,14,86.73,2.46,7.11,0.0,2.05,0.0,1.92
DENVER - 031926,777,676,23,45,0,26,0,5,87.0,2.96,5.79,0.0,3.35,0.0,0.64
DENVER - 031927,1342,1052,84,132,11,20,0,24,78.39,6.26,9.84,0.82,1.49,0.0,1.79
DENVER - 031928,694,557,70,42,3,15,0,23,80.26,10.09,6.05,0.43,2.16,0.0,3.31
DENVER - 031929,1489,1153,120,140,15,4,0,56,77.43,8.06,9.4,1.01,0.27,0.0,3.76
DENVER - 031930,808,532,104,118,0,26,0,6,65.84,12.87,14.6,0.0,3.22,0.0,0.74
DENVER - 031931,672,630,10,21,0,26,0,12,93.75,1.49,3.12,0.0,3.87,0.0,1.79
DENVER - 031932,1448,1200,49,100,0,54,0,21,82.87,3.38,6.91,0.0,3.73,0.0,1.45
DENVER - 031933,814,602,66,30,4,110,0,19,73.96,8.11,3.69,0.49,13.51,0.0,2.33
DENVER - 031934,989,450,344,137,0,31,0,33,45.5,34.78,13.85,0.0,3.13,0.0,3.34
DENVER - 031935,3996,2983,206,495,9,94,0,209,74.65,5.16,12.39,0.23,2.35,0.0,5.23
DENVER - 031936,1934,1096,96,671,0,36,0,35,56.67,4.96,34.69,0.0,1.86,0.0,1.81
DENVER - 031937,1182,886,32,198,0,37,0,29,74.96,2.71,16.75,0.0,3.13,0.0,2.45
DENVER - 031938,1765,1476,30,161,0,94,0,4,83.63,1.7,9.12,0.0,5.33,0.0,0.23
DOLORES - 033001,310,263,0,5,47,0,0,2,84.84,0.0,1.61,15.16,0.0,0.0,0.65
DOLORES - 033002,269,252,0,1,16,0,0,1,93.68,0.0,0.37,5.95,0.0,0.0,0.37
DOLORES - 033003,429,363,0,39,0,0,0,33,84.62,0.0,9.09,0.0,0.0,0.0,7.69
DOLORES - 033004,1076,909,0,116,0,0,0,37,84.48,0.0,10.78,0.0,0.0,0.0,3.44
DOUGLAS - 035101,3838,3178,0,403,3,140,0,108,82.8,0.0,10.5,0.08,3.65,0.0,2.81
DOUGLAS - 035102,1659,1354,0,214,0,30,0,81,81.62,0.0,12.9,0.0,1.81,0.0,4.88
DOUGLAS - 035103,2591,2162,0,325,18,91,0,7,83.44,0.0,12.54,0.69,3.51,0.0,0.27
DOUGLAS - 035104,581,568,0,11,0,11,0,2,97.76,0.0,1.89,0.0,1.89,0.0,0.34
DOUGLAS - 035105,2051,1929,0,104,0,6,0,8,94.05,0.0,5.07,0.0,0.29,0.0,0.39
DOUGLAS - 035106,414,384,0,4,4,2,1,15,92.75,0.0,0.97,0.97,0.48,0.24,3.62
DOUGLAS - 035107,1009,819,0,136,0,26,7,17,81.17,0.0,13.48,0.0,2.58,0.69,1.68
DOUGLAS - 035108,1588,1451,0,91,0,31,0,19,91.37,0.0,5.73,0.0,1.95,0.0,1.2
DOUGLAS - 035109,1729,1637,14,89,0,6,0,6,94.68,0.81,5.15,0.0,0.35,0.0,0.35
DOUGLAS - 035110,1774,1543,2,136,0,59,0,10,86.98,0.11,7.67,0.0,3.33,0.0,0.56
DOUGLAS - 035111,1278,1160,7,76,0,6,0,11,90.77,0.55,5.95,0.0,0.47,0.0,0.86
DOUGLAS - 035112,3812,3000,0,305,0,311,0,196,78.7,0.0,8.0,0.0,8.16,0.0,5.14
DOUGLAS - 035113,1766,1517,67,158,0,10,0,29,85.9,3.79,8.95,0.0,0.57,0.0,1.64
DOUGLAS - 035114,2959,2432,52,351,0,19,53,22,82.19,1.76,11.86,0.0,0.64,1.79,0.74
DOUGLAS - 035115,1468,1295,0,61,0,43,0,52,88.22,0.0,4.16,0.0,2.93,0.0,3.54
DOUGLAS - 035116,1893,1554,53,202,0,15,0,69,82.09,2.8,10.67,0.0,0.79,0.0,3.65
DOUGLAS - 035117,1921,1551,59,249,0,0,0,92,80.74,3.07,12.96,0.0,0.0,0.0,4.79
DOUGLAS - 035201,3392,3124,0,155,2,79,0,35,92.1,0.0,4.57,0.06,2.33,0.0,1.03
DOUGLAS - 035202,2586,2253,0,82,3,185,0,57,87.12,0.0,3.17,0.12,7.15,0.0,2.2
DOUGLAS - 035203,1662,1476,4,151,0,31,0,0,88.81,0.24,9.09,0.0,1.87,0.0,0.0
DOUGLAS - 035204,1533,1302,49,141,8,11,0,22,84.93,3.2,9.2,0.52,0.72,0.0,1.44
DOUGLAS - 035205,2024,1547,33,333,0,32,0,79,76.43,1.63,16.45,0.0,1.58,0.0,3.9
DOUGLAS - 035206,1046,930,0,51,0,0,0,66,88.91,0.0,4.88,0.0,0.0,0.0,6.31
DOUGLAS - 035207,1348,1191,0,102,0,11,0,43,88.35,0.0,7.57,0.0,0.82,0.0,3.19
DOUGLAS - 035208,1955,1452,31,199,24,168,0,53,74.27,1.59,10.18,1.23,8.59,0.0,2.71
DOUGLAS - 035209,1540,1404,0,51,0,71,0,14,91.17,0.0,3.31,0.0,4.61,0.0,0.91
DOUGLAS - 035210,2500,2167,11,162,11,105,0,56,86.68,0.44,6.48,0.44,4.2,0.0,2.24
DOUGLAS - 035211,1808,1428,8,264,2,42,0,63,78.98,0.44,14.6,0.11,2.32,0.0,3.48
DOUGLAS - 035212,1508,1348,9,88,9,32,0,23,89.39,0.6,5.84,0.6,2.12,0.0,1.53
DOUGLAS - 035213,1124,1090,11,28,0,7,0,0,96.98,0.98,2.49,0.0,0.62,0.0,0.0
DOUGLAS - 035214,683,578,8,54,0,28,0,0,84.63,1.17,7.91,0.0,4.1,0.0,0.0
DOUGLAS - 035215,909,711,0,6,0,150,0,34,78.22,0.0,0.66,0.0,16.5,0.0,3.74
DOUGLAS - 035216,875,666,0,118,0,101,0,8,76.11,0.0,13.49,0.0,11.54,0.0,0.91
DOUGLAS - 035217,1460,1138,70,139,0,61,0,18,77.95,4.79,9.52,0.0,4.18,0.0,1.23
DOUGLAS - 035218,1086,1004,49,35,0,14,0,20,92.45,4.51,3.22,0.0,1.29,0.0,1.84
DOUGLAS - 035219,1039,805,5,91,0,78,0,62,77.48,0.48,8.76,0.0,7.51,0.0,5.97
DOUGLAS - 035220,1431,888,0,511,0,32,0,0,62.05,0.0,35.71,0.0,2.24,0.0,0.0
DOUGLAS - 035221,844,623,0,157,0,38,0,0,73.82,0.0,18.6,0.0,4.5,0.0,0.0
DOUGLAS - 035222,1401,963,0,364,0,100,0,0,68.74,0.0,25.98,0.0,7.14,0.0,0.0
DOUGLAS - 035223,2030,1709,8,194,4,73,0,40,84.19,0.39,9.56,0.2,3.6,0.0,1.97
DOUGLAS - 035224,1702,1287,9,200,0,168,0,30,75.62,0.53,11.75,0.0,9.87,0.0,1.76
DOUGLAS - 035225,1801,1587,1,101,0,118,0,30,88.12,0.06,5.61,0.0,6.55,0.0,1.67
DOUGLAS - 035226,1110,948,4,81,0,31,0,3,85.41,0.36,7.3,0.0,2.79,0.0,0.27
DOUGLAS - 035227,1790,1622,28,93,0,57,0,0,90.61,1.56,5.2,0.0,3.18,0.0,0.0
DOUGLAS - 035228,934,825,0,47,0,48,0,2,88.33,0.0,5.03,0.0,5.14,0.0,0.21
DOUGLAS - 035229,1102,955,18,45,0,79,0,5,86.66,1.63,4.08,0.0,7.17,0.0,0.45
DOUGLAS - 035230,946,752,38,91,0,26,0,31,79.49,4.02,9.62,0.0,2.75,0.0,3.28
DOUGLAS - 035231,1631,1256,13,228,9,98,0,33,77.01,0.8,13.98,0.55,6.01,0.0,2.02
DOUGLAS - 035232,1026,869,8,107,0,31,0,9,84.7,0.78,10.43,0.0,3.02,0.0,0.88
DOUGLAS - 035233,1775,1519,48,164,8,61,0,3,85.58,2.7,9.24,0.45,3.44,0.0,0.17
DOUGLAS - 035234,909,836,0,38,0,0,0,24,91.97,0.0,4.18,0.0,0.0,0.0,2.64
DOUGLAS - 035235,1900,1680,0,132,0,75,0,5,88.42,0.0,6.95,0.0,3.95,0.0,0.26
DOUGLAS - 035236,1770,1472,0,183,0,94,0,27,83.16,0.0,10.34,0.0,5.31,0.0,1.53
DOUGLAS - 035237,1178,984,0,59,0,121,0,17,83.53,0.0,5.01,0.0,10.27,0.0,1.44
DOUGLAS - 035238,1228,1179,0,57,0,14,3,15,96.01,0.0,4.64,0.0,1.14,0.24,1.22
DOUGLAS - 035239,1815,1503,0,84,0,139,1,44,82.81,0.0,4.63,0.0,7.66,0.06,2.42
DOUGLAS - 035240,2185,1776,14,173,0,95,0,127,81.28,0.64,7.92,0.0,4.35,0.0,5.81
DOUGLAS - 035241,1184,897,32,171,0,16,0,78,75.76,2.7,14.44,0.0,1.35,0.0,6.59
DOUGLAS - 035242,1088,763,0,212,0,13,18,85,70.13,0.0,19.49,0.0,1.19,1.65,7.81
DOUGLAS - 035243,1851,1672,10,114,0,83,7,17,90.33,0.54,6.16,0.0,4.48,0.38,0.92
DOUGLAS - 035244,1453,1118,61,185,13,51,0,53,76.94,4.2,12.73,0.89,3.51,0.0,3.65
DOUGLAS - 035245,2135,1790,78,141,39,22,16,51,83.84,3.65,6.6,1.83,1.03,0.75,2.39
DOUGLAS - 035246,1703,1496,23,137,0,16,0,42,87.84,1.35,8.04,0.0,0.94,0.0,2.47
DOUGLAS - 035247,1558,1431,8,37,0,54,0,16,91.85,0.51,2.37,0.0,3.47,0.0,1.03
DOUGLAS - 035248,1239,1062,9,23,8,116,0,21,85.71,0.73,1.86,0.65,9.36,0.0,1.69
DOUGLAS - 035249,1612,1496,0,56,0,41,0,24,92.8,0.0,3.47,0.0,2.54,0.0,1.49
DOUGLAS - 035250,1459,1090,0,134,0,193,0,41,74.71,0.0,9.18,0.0,13.23,0.0,2.81
DOUGLAS - 035251,1019,762,0,134,0,106,0,13,74.78,0.0,13.15,0.0,10.4,0.0,1.28
DOUGLAS - 035252,1372,1079,0,175,0,49,0,56,78.64,0.0,12.76,0.0,3.57,0.0,4.08
DOUGLAS - 035253,1370,1040,32,85,0,158,1,6,75.91,2.34,6.2,0.0,11.53,0.07,0.44
DOUGLAS - 035254,1471,1201,0,75,0,171,0,23,81.65,0.0,5.1,0.0,11.62,0.0,1.56
DOUGLAS - 035255,1295,1039,0,118,0,122,15,0,80.23,0.0,9.11,0.0,9.42,1.16,0.0
DOUGLAS - 035256,1001,803,20,86,0,43,0,21,80.22,2.0,8.59,0.0,4.3,0.0,2.1
DOUGLAS - 035257,3351,2736,152,169,0,274,0,52,81.65,4.54,5.04,0.0,8.18,0.0,1.55
DOUGLAS - 035258,1640,1455,0,132,0,35,0,18,88.72,0.0,8.05,0.0,2.13,0.0,1.1
DOUGLAS - 035259,1348,1128,0,41,0,127,0,43,83.68,0.0,3.04,0.0,9.42,0.0,3.19
DOUGLAS - 035260,1783,1673,0,86,5,16,5,0,93.83,0.0,4.82,0.28,0.9,0.28,0.0
DOUGLAS - 035261,1858,1663,47,49,0,47,0,29,89.5,2.53,2.64,0.0,2.53,0.0,1.56
DOUGLAS - 035262,2572,1918,177,291,0,107,29,50,74.57,6.88,11.31,0.0,4.16,1.13,1.94
DOUGLAS - 035263,2281,2037,39,122,0,77,0,29,89.3,1.71,5.35,0.0,3.38,0.0,1.27
DOUGLAS - 035264,3154,2552,49,290,8,49,24,182,80.91,1.55,9.19,0.25,1.55,0.76,5.77
DOUGLAS - 035265,1737,1620,0,34,0,86,0,3,93.26,0.0,1.96,0.0,4.95,0.0,0.17
DOUGLAS - 035266,1663,1359,29,58,0,175,0,17,81.72,1.74,3.49,0.0,10.52,0.0,1.02
DOUGLAS - 035301,4164,2730,351,605,70,226,0,182,65.56,8.43,14.53,1.68,5.43,0.0,4.37
DOUGLAS - 035302,2328,1773,15,159,0,296,0,85,76.16,0.64,6.83,0.0,12.71,0.0,3.65
DOUGLAS - 035303,1926,1298,86,390,0,15,0,137,67.39,4.47,20.25,0.0,0.78,0.0,7.11
DOUGLAS - 035304,3035,2230,29,580,23,138,0,73,73.48,0.96,19.11,0.76,4.55,0.0,2.41
DOUGLAS - 035305,3509,3095,46,109,0,217,0,13,88.2,1.31,3.11,0.0,6.18,0.0,0.37
DOUGLAS - 035306,1216,1149,0,19,0,61,0,15,94.49,0.0,1.56,0.0,5.02,0.0,1.23
DOUGLAS - 035307,1677,1345,20,131,0,159,0,23,80.2,1.19,7.81,0.0,9.48,0.0,1.37
DOUGLAS - 035308,1928,1606,28,123,0,87,0,83,83.3,1.45,6.38,0.0,4.51,0.0,4.3
DOUGLAS - 035309,2827,2064,117,400,17,113,0,116,73.01,4.14,14.15,0.6,4.0,0.0,4.1
DOUGLAS - 035310,643,521,7,0,0,55,0,30,81.03,1.09,0.0,0.0,8.55,0.0,4.67
DOUGLAS - 035311,1859,1600,0,132,0,89,20,0,86.07,0.0,7.1,0.0,4.79,1.08,0.0
DOUGLAS - 035312,1046,944,9,56,0,27,0,20,90.25,0.86,5.35,0.0,2.58,0.0,1.91
DOUGLAS - 035313,967,876,12,18,0,40,0,27,90.59,1.24,1.86,0.0,4.14,0.0,2.79
DOUGLAS - 035314,844,783,0,44,0,0,0,17,92.77,0.0,5.21,0.0,0.0,0.0,2.01
DOUGLAS - 035315,1787,1497,105,97,0,5,0,67,83.77,5.88,5.43,0.0,0.28,0.0,3.75
DOUGLAS - 035316,2752,2142,87,342,14,41,0,158,77.83,3.16,12.43,0.51,1.49,0.0,5.74
DOUGLAS - 035317,1163,955,22,42,0,98,0,33,82.12,1.89,3.61,0.0,8.43,0.0,2.84
DOUGLAS - 035318,1248,912,100,229,11,0,0,0,73.08,8.01,18.35,0.88,0.0,0.0,0.0
DOUGLAS - 035319,1020,914,18,98,0,0,0,0,89.61,1.76,9.61,0.0,0.0,0.0,0.0
DOUGLAS - 035320,1336,1040,0,229,0,25,0,28,77.84,0.0,17.14,0.0,1.87,0.0,2.1
DOUGLAS - 035321,2289,1846,147,226,7,45,0,22,80.65,6.42,9.87,0.31,1.97,0.0,0.96
DOUGLAS - 035322,1889,1461,59,182,0,82,0,118,77.34,3.12,9.63,0.0,4.34,0.0,6.25
DOUGLAS - 035323,1139,878,24,233,0,0,0,9,77.09,2.11,20.46,0.0,0.0,0.0,0.79
DOUGLAS - 035324,1778,1418,51,248,0,0,0,65,79.75,2.87,13.95,0.0,0.0,0.0,3.66
DOUGLAS - 035325,1372,1247,56,97,0,14,0,0,90.89,4.08,7.07,0.0,1.02,0.0,0.0
DOUGLAS - 035326,2034,1546,81,232,4,158,4,13,76.01,3.98,11.41,0.2,7.77,0.2,0.64
DOUGLAS - 035327,3171,2520,147,200,0,103,0,215,79.47,4.64,6.31,0.0,3.25,0.0,6.78
DOUGLAS - 035328,2393,1768,0,416,0,116,0,86,73.88,0.0,17.38,0.0,4.85,0.0,3.59
DOUGLAS - 035329,1896,1733,22,72,0,66,0,29,91.4,1.16,3.8,0.0,3.48,0.0,1.53
DOUGLAS - 035330,2488,2100,3,197,0,82,0,81,84.41,0.12,7.92,0.0,3.3,0.0,3.26
DOUGLAS - 035331,1721,1462,4,124,0,65,0,43,84.95,0.23,7.21,0.0,3.78,0.0,2.5
DOUGLAS - 035332,2753,2199,122,173,0,244,0,6,79.88,4.43,6.28,0.0,8.86,0.0,0.22
DOUGLAS - 035333,1862,1516,6,150,0,68,2,79,81.42,0.32,8.06,0.0,3.65,0.11,4.24
DOUGLAS - 035334,1834,1406,21,226,0,171,0,10,76.66,1.15,12.32,0.0,9.32,0.0,0.55
DOUGLAS - 035335,883,787,6,70,0,4,0,20,89.13,0.68,7.93,0.0,0.45,0.0,2.27
DOUGLAS - 035336,1572,1313,45,178,0,5,0,36,83.52,2.86,11.32,0.0,0.32,0.0,2.29
DOUGLAS - 035337,1432,1296,18,102,0,22,0,0,90.5,1.26,7.12,0.0,1.54,0.0,0.0
DOUGLAS - 035338,2883,2511,0,321,0,35,0,25,87.1,0.0,11.13,0.0,1.21,0.0,0.87
DOUGLAS - 035339,2874,2253,30,221,10,230,2,100,78.39,1.04,7.69,0.35,8.0,0.07,3.48
DOUGLAS - 035340,1557,1330,10,217,0,14,0,0,85.42,0.64,13.94,0.0,0.9,0.0,0.0
DOUGLAS - 035341,1197,991,0,33,0,176,0,11,82.79,0.0,2.76,0.0,14.7,0.0,0.92
DOUGLAS - 035342,1677,1439,12,139,0,9,0,6,85.81,0.72,8.29,0.0,0.54,0.0,0.36
DOUGLAS - 035343,2044,1888,34,51,0,14,0,62,92.37,1.66,2.5,0.0,0.68,0.0,3.03
DOUGLAS - 035344,3265,2705,45,451,0,28,0,46,82.85,1.38,13.81,0.0,0.86,0.0,1.41
DOUGLAS - 035345,1430,1318,7,30,52,37,0,20,92.17,0.49,2.1,3.64,2.59,0.0,1.4
DOUGLAS - 035346,1308,1030,2,280,0,2,4,0,78.75,0.15,21.41,0.0,0.15,0.31,0.0
DOUGLAS - 035347,1164,786,9,245,0,35,0,102,67.53,0.77,21.05,0.0,3.01,0.0,8.76
DOUGLAS - 035348,1694,1416,5,23,75,12,0,150,83.59,0.3,1.36,4.43,0.71,0.0,8.85
DOUGLAS - 035349,3556,2773,197,160,1,311,35,84,77.98,5.54,4.5,0.03,8.75,0.98,2.36
DOUGLAS - 035350,1435,1155,0,263,9,8,0,0,80.49,0.0,18.33,0.63,0.56,0.0,0.0
DOUGLAS - 035351,3429,2494,9,382,8,502,0,7,72.73,0.26,11.14,0.23,14.64,0.0,0.2
DOUGLAS - 035352,1479,1179,3,151,0,88,0,54,79.72,0.2,10.21,0.0,5.95,0.0,3.65
DOUGLAS - 035353,1546,1173,0,174,0,128,0,79,75.87,0.0,11.25,0.0,8.28,0.0,5.11
DOUGLAS - 035354,3138,2745,5,170,0,176,0,28,87.48,0.16,5.42,0.0,5.61,0.0,0.89
DOUGLAS - 035401,1620,1516,0,80,0,16,3,8,93.58,0.0,4.94,0.0,0.99,0.19,0.49
DOUGLAS - 035402,796,731,0,51,0,8,0,0,91.83,0.0,6.41,0.0,1.01,0.0,0.0
DOUGLAS - 035403,438,431,0,6,1,4,0,0,98.4,0.0,1.37,0.23,0.91,0.0,0.0
DOUGLAS - 035404,1563,1410,53,65,0,17,0,20,90.21,3.39,4.16,0.0,1.09,0.0,1.28
DOUGLAS - 035405,1603,1501,0,42,0,8,0,52,93.64,0.0,2.62,0.0,0.5,0.0,3.24
DOUGLAS - 035406,771,698,11,25,0,7,0,27,90.53,1.43,3.24,0.0,0.91,0.0,3.5
DOUGLAS - 035501,3951,3095,31,692,6,23,0,107,78.33,0.78,17.51,0.15,0.58,0.0,2.71
DOUGLAS - 035502,1426,1236,0,160,0,9,0,10,86.68,0.0,11.22,0.0,0.63,0.0,0.7
DOUGLAS - 035503,1922,1687,0,181,0,18,0,32,87.77,0.0,9.42,0.0,0.94,0.0,1.66
DOUGLAS - 035504,2091,1971,1,55,0,14,0,5,94.26,0.05,2.63,0.0,0.67,0.0,0.24
DOUGLAS - 035505,1461,1262,0,123,0,2,38,54,86.38,0.0,8.42,0.0,0.14,2.6,3.7
DOUGLAS - 035506,2919,2207,6,360,0,0,0,308,75.61,0.21,12.33,0.0,0.0,0.0,10.55
DOUGLAS - 035507,2236,1835,6,241,0,70,0,145,82.07,0.27,10.78,0.0,3.13,0.0,6.48
DOUGLAS - 035508,1736,1637,4,63,6,7,0,26,94.3,0.23,3.63,0.35,0.4,0.0,1.5
DOUGLAS - 035509,1950,1407,27,227,7,201,0,65,72.15,1.38,11.64,0.36,10.31,0.0,3.33
DOUGLAS - 035510,4820,3964,0,545,0,145,0,191,82.24,0.0,11.31,0.0,3.01,0.0,3.96
DOUGLAS - 035511,1240,1140,0,79,0,9,0,18,91.94,0.0,6.37,0.0,0.73,0.0,1.45
DOUGLAS - 035512,1743,1603,0,105,15,3,0,17,91.97,0.0,6.02,0.86,0.17,0.0,0.98
EAGLE - 037001,223,167,0,44,0,0,0,14,74.89,0.0,19.73,0.0,0.0,0.0,6.28
EAGLE - 037002,884,894,0,9,0,0,0,13,101.13,0.0,1.02,0.0,0.0,0.0,1.47
EAGLE - 037003,753,622,0,122,0,0,0,6,82.6,0.0,16.2,0.0,0.0,0.0,0.8
EAGLE - 037004,1110,855,0,218,0,19,31,0,77.03,0.0,19.64,0.0,1.71,2.79,0.0
EAGLE - 037005,1929,1137,5,857,4,0,0,27,58.94,0.26,44.43,0.21,0.0,0.0,1.4
EAGLE - 037006,1312,844,0,468,0,0,0,0,64.33,0.0,35.67,0.0,0.0,0.0,0.0
EAGLE - 037007,1507,1203,0,300,0,11,0,0,79.83,0.0,19.91,0.0,0.73,0.0,0.0
EAGLE - 037008,404,276,0,133,0,5,0,0,68.32,0.0,32.92,0.0,1.24,0.0,0.0
EAGLE - 037009,1007,648,0,305,0,0,0,0,64.35,0.0,30.29,0.0,0.0,0.0,0.0
EAGLE - 037010,160,197,0,7,0,0,0,0,123.12,0.0,4.38,0.0,0.0,0.0,0.0
EAGLE - 037011,1299,942,15,224,0,7,0,0,72.52,1.15,17.24,0.0,0.54,0.0,0.0
EAGLE - 037012,1435,1140,0,256,0,0,0,9,79.44,0.0,17.84,0.0,0.0,0.0,0.63
EAGLE - 037013,1036,932,0,75,3,7,0,9,89.96,0.0,7.24,0.29,0.68,0.0,0.87
EAGLE - 037014,831,792,0,35,1,3,6,2,95.31,0.0,4.21,0.12,0.36,0.72,0.24
EAGLE - 037015,1406,1096,0,198,45,67,0,0,77.95,0.0,14.08,3.2,4.77,0.0,0.0
EAGLE - 037016,759,671,0,40,1,0,0,5,88.41,0.0,5.27,0.13,0.0,0.0,0.66
EAGLE - 037017,1078,1013,5,58,0,5,0,0,93.97,0.46,5.38,0.0,0.46,0.0,0.0
EAGLE - 037018,1292,1289,13,34,0,14,0,0,99.77,1.01,2.63,0.0,1.08,0.0,0.0
EAGLE - 037019,2521,1923,20,542,0,45,0,97,76.28,0.79,21.5,0.0,1.79,0.0,3.85
EAGLE - 037020,684,658,0,2,0,22,0,0,96.2,0.0,0.29,0.0,3.22,0.0,0.0
EAGLE - 037021,294,317,0,14,0,0,0,1,107.82,0.0,4.76,0.0,0.0,0.0,0.34
EAGLE - 037022,2652,1278,332,971,4,0,0,15,48.19,12.52,36.61,0.15,0.0,0.0,0.57
EAGLE - 037023,1998,1160,0,749,0,0,0,55,58.06,0.0,37.49,0.0,0.0,0.0,2.75
EAGLE - 037024,2165,1944,13,96,0,46,0,66,89.79,0.6,4.43,0.0,2.12,0.0,3.05
EAGLE - 037025,1424,1229,0,138,0,0,0,0,86.31,0.0,9.69,0.0,0.0,0.0,0.0
EAGLE - 037026,1846,1057,0,736,0,56,0,9,57.26,0.0,39.87,0.0,3.03,0.0,0.49
EAGLE - 037027,2279,1994,0,212,0,41,0,28,87.49,0.0,9.3,0.0,1.8,0.0,1.23
EAGLE - 037028,1163,901,8,169,0,26,22,1,77.47,0.69,14.53,0.0,2.24,1.89,0.09
EAGLE - 037029,2115,1914,7,77,0,125,0,11,90.5,0.33,3.64,0.0,5.91,0.0,0.52
EAGLE - 037030,1573,1321,0,221,1,12,0,0,83.98,0.0,14.05,0.06,0.76,0.0,0.0
EL PASO - 041101,1474,1247,50,133,0,0,0,44,84.6,3.39,9.02,0.0,0.0,0.0,2.99
EL PASO - 041102,1521,1274,0,189,0,20,0,32,83.76,0.0,12.43,0.0,1.31,0.0,2.1
EL PASO - 041103,2030,1513,131,246,0,8,5,103,74.53,6.45,12.12,0.0,0.39,0.25,5.07
EL PASO - 041104,2128,1664,54,279,12,43,0,79,78.2,2.54,13.11,0.56,2.02,0.0,3.71
EL PASO - 041105,1588,1473,39,51,12,23,0,3,92.76,2.46,3.21,0.76,1.45,0.0,0.19
EL PASO - 041106,2151,1805,55,190,0,38,9,41,83.91,2.56,8.83,0.0,1.77,0.42,1.91
EL PASO - 041107,2350,1868,87,297,0,8,0,56,79.49,3.7,12.64,0.0,0.34,0.0,2.38
EL PASO - 041108,1490,1115,17,360,0,5,0,42,74.83,1.14,24.16,0.0,0.34,0.0,2.82
EL PASO - 041109,246,224,9,9,0,6,0,0,91.06,3.66,3.66,0.0,2.44,0.0,0.0
EL PASO - 041110,1566,1286,37,192,0,0,0,51,82.12,2.36,12.26,0.0,0.0,0.0,3.26
EL PASO - 041111,1771,1057,183,274,0,0,0,257,59.68,10.33,15.47,0.0,0.0,0.0,14.51
EL PASO - 041112,2126,1706,12,276,0,0,0,132,80.24,0.56,12.98,0.0,0.0,0.0,6.21
EL PASO - 041113,1732,1432,3,153,0,42,4,85,82.68,0.17,8.83,0.0,2.42,0.23,4.91
EL PASO - 041114,2443,2046,79,186,4,42,0,60,83.75,3.23,7.61,0.16,1.72,0.0,2.46
EL PASO - 041115,1433,1128,75,150,0,21,0,29,78.72,5.23,10.47,0.0,1.47,0.0,2.02
EL PASO - 041116,1787,1614,52,107,0,0,0,14,90.32,2.91,5.99,0.0,0.0,0.0,0.78
EL PASO - 041117,2018,1553,25,125,6,225,0,84,76.96,1.24,6.19,0.3,11.15,0.0,4.16
EL PASO - 041118,2631,2245,52,183,9,25,2,137,85.33,1.98,6.96,0.34,0.95,0.08,5.21
EL PASO - 041119,2174,1683,42,365,0,42,0,55,77.41,1.93,16.79,0.0,1.93,0.0,2.53
EL PASO - 041120,1650,1485,17,77,0,35,4,52,90.0,1.03,4.67,0.0,2.12,0.24,3.15
EL PASO - 041121,3818,2721,176,618,14,94,0,166,71.27,4.61,16.19,0.37,2.46,0.0,4.35
EL PASO - 041122,3470,2344,167,526,87,70,0,273,67.55,4.81,15.16,2.51,2.02,0.0,7.87
EL PASO - 041123,2805,2209,69,479,0,21,0,22,78.75,2.46,17.08,0.0,0.75,0.0,0.78
EL PASO - 041124,1393,1026,103,268,1,25,0,23,73.65,7.39,19.24,0.07,1.79,0.0,1.65
EL PASO - 041125,2050,1538,112,297,0,21,0,95,75.02,5.46,14.49,0.0,1.02,0.0,4.63
EL PASO - 041126,2178,1680,80,325,5,0,0,74,77.13,3.67,14.92,0.23,0.0,0.0,3.4
EL PASO - 041127,2831,2348,4,344,0,35,0,94,82.94,0.14,12.15,0.0,1.24,0.0,3.32
EL PASO - 041128,2067,1745,30,190,0,48,0,49,84.42,1.45,9.19,0.0,2.32,0.0,2.37
EL PASO - 041129,2858,1771,283,666,20,13,0,124,61.97,9.9,23.3,0.7,0.45,0.0,4.34
EL PASO - 041130,1948,1601,27,283,0,0,0,50,82.19,1.39,14.53,0.0,0.0,0.0,2.57
EL PASO - 041131,2089,1779,63,235,0,0,4,18,85.16,3.02,11.25,0.0,0.0,0.19,0.86
EL PASO - 041132,1488,1251,1,162,0,24,0,44,84.07,0.07,10.89,0.0,1.61,0.0,2.96
EL PASO - 041133,1377,1042,8,294,0,8,2,20,75.67,0.58,21.35,0.0,0.58,0.15,1.45
EL PASO - 041134,1608,1170,118,219,0,37,24,22,72.76,7.34,13.62,0.0,2.3,1.49,1.37
EL PASO - 041135,712,541,85,69,0,0,0,21,75.98,11.94,9.69,0.0,0.0,0.0,2.95
EL PASO - 041136,1653,1259,147,184,2,59,0,16,76.16,8.89,11.13,0.12,3.57,0.0,0.97
EL PASO - 041137,1218,660,79,293,0,0,4,182,54.19,6.49,24.06,0.0,0.0,0.33,14.94
EL PASO - 041138,1119,732,143,137,0,16,0,33,65.42,12.78,12.24,0.0,1.43,0.0,2.95
EL PASO - 041139,2208,1341,116,653,0,18,4,70,60.73,5.25,29.57,0.0,0.82,0.18,3.17
EL PASO - 041140,1667,1265,95,103,40,69,0,114,75.88,5.7,6.18,2.4,4.14,0.0,6.84
EL PASO - 041141,1970,1622,70,213,7,13,0,53,82.34,3.55,10.81,0.36,0.66,0.0,2.69
EL PASO - 041142,2474,1951,73,361,0,14,25,63,78.86,2.95,14.59,0.0,0.57,1.01,2.55
EL PASO - 041143,1257,977,32,186,0,15,0,41,77.72,2.55,14.8,0.0,1.19,0.0,3.26
EL PASO - 041144,1650,1177,109,169,0,108,0,79,71.33,6.61,10.24,0.0,6.55,0.0,4.79
EL PASO - 041145,1758,1292,123,179,0,46,0,114,73.49,7.0,10.18,0.0,2.62,0.0,6.48
EL PASO - 041146,1094,862,129,70,0,10,0,25,78.79,11.79,6.4,0.0,0.91,0.0,2.29
EL PASO - 041147,1736,1204,103,360,23,22,0,29,69.35,5.93,20.74,1.32,1.27,0.0,1.67
EL PASO - 041148,2733,2003,222,410,0,25,0,73,73.29,8.12,15.0,0.0,0.91,0.0,2.67
EL PASO - 041149,2169,1745,80,212,5,22,0,112,80.45,3.69,9.77,0.23,1.01,0.0,5.16
EL PASO - 041150,1620,1316,24,263,0,2,4,56,81.23,1.48,16.23,0.0,0.12,0.25,3.46
EL PASO - 041151,2072,1489,0,306,0,77,44,156,71.86,0.0,14.77,0.0,3.72,2.12,7.53
EL PASO - 041152,1978,1356,122,356,9,26,0,98,68.55,6.17,18.0,0.46,1.31,0.0,4.95
EL PASO - 041153,2023,1563,37,329,0,23,0,71,77.26,1.83,16.26,0.0,1.14,0.0,3.51
EL PASO - 041154,3400,2499,193,615,13,9,0,60,73.5,5.68,18.09,0.38,0.26,0.0,1.76
EL PASO - 041155,1237,940,27,204,0,7,0,59,75.99,2.18,16.49,0.0,0.57,0.0,4.77
EL PASO - 041156,1278,1092,0,114,27,12,0,33,85.45,0.0,8.92,2.11,0.94,0.0,2.58
EL PASO - 041157,2154,1403,195,290,0,208,0,17,65.13,9.05,13.46,0.0,9.66,0.0,0.79
EL PASO - 041158,2104,1902,2,127,0,24,5,60,90.4,0.1,6.04,0.0,1.14,0.24,2.85
EL PASO - 041159,307,225,0,84,0,5,0,9,73.29,0.0,27.36,0.0,1.63,0.0,2.93
EL PASO - 041160,2118,1773,47,254,0,12,0,52,83.71,2.22,11.99,0.0,0.57,0.0,2.46
EL PASO - 041161,1402,1189,10,150,0,13,0,34,84.81,0.71,10.7,0.0,0.93,0.0,2.43
EL PASO - 041162,1753,1340,28,199,0,96,0,40,76.44,1.6,11.35,0.0,5.48,0.0,2.28
EL PASO - 041163,1741,1198,53,293,13,22,0,133,68.81,3.04,16.83,0.75,1.26,0.0,7.64
EL PASO - 041164,1832,1425,26,221,0,107,0,83,77.78,1.42,12.06,0.0,5.84,0.0,4.53
EL PASO - 041165,2090,1816,62,133,0,24,0,28,86.89,2.97,6.36,0.0,1.15,0.0,1.34
EL PASO - 041166,2913,1551,295,895,0,37,0,124,53.24,10.13,30.72,0.0,1.27,0.0,4.26
EL PASO - 041167,1875,1260,0,465,0,34,0,111,67.2,0.0,24.8,0.0,1.81,0.0,5.92
EL PASO - 041168,1556,1423,6,73,0,5,0,42,91.45,0.39,4.69,0.0,0.32,0.0,2.7
EL PASO - 041169,2761,1868,262,475,44,4,0,69,67.66,9.49,17.2,1.59,0.14,0.0,2.5
EL PASO - 041170,2042,1708,37,231,0,5,0,59,83.64,1.81,11.31,0.0,0.24,0.0,2.89
EL PASO - 041171,1480,1270,11,99,17,42,0,38,85.81,0.74,6.69,1.15,2.84,0.0,2.57
EL PASO - 041172,1538,1263,18,141,5,39,12,72,82.12,1.17,9.17,0.33,2.54,0.78,4.68
EL PASO - 041173,2179,1642,239,220,9,14,0,60,75.36,10.97,10.1,0.41,0.64,0.0,2.75
EL PASO - 041174,1201,959,14,97,0,97,0,37,79.85,1.17,8.08,0.0,8.08,0.0,3.08
EL PASO - 041175,897,672,23,149,0,0,0,53,74.92,2.56,16.61,0.0,0.0,0.0,5.91
EL PASO - 041176,3328,2408,169,434,8,110,0,190,72.36,5.08,13.04,0.24,3.31,0.0,5.71
EL PASO - 041177,1764,1464,81,93,46,15,0,75,82.99,4.59,5.27,2.61,0.85,0.0,4.25
EL PASO - 041178,2013,1525,70,334,0,1,0,64,75.76,3.48,16.59,0.0,0.05,0.0,3.18
EL PASO - 041179,1854,1549,12,176,0,57,0,82,83.55,0.65,9.49,0.0,3.07,0.0,4.42
EL PASO - 041180,2372,1585,262,379,41,0,0,85,66.82,11.05,15.98,1.73,0.0,0.0,3.58
EL PASO - 041181,217,171,7,28,0,0,0,22,78.8,3.23,12.9,0.0,0.0,0.0,10.14
EL PASO - 041182,2388,1030,171,810,0,48,17,314,43.13,7.16,33.92,0.0,2.01,0.71,13.15
EL PASO - 041183,1773,1356,72,215,0,62,0,94,76.48,4.06,12.13,0.0,3.5,0.0,5.3
EL PASO - 041184,2560,1118,466,725,0,15,13,244,43.67,18.2,28.32,0.0,0.59,0.51,9.53
EL PASO - 041185,2260,1174,374,526,0,4,11,201,51.95,16.55,23.27,0.0,0.18,0.49,8.89
EL PASO - 041186,2632,1720,157,534,27,2,3,188,65.35,5.97,20.29,1.03,0.08,0.11,7.14
EL PASO - 041187,2597,1669,196,510,13,25,0,155,64.27,7.55,19.64,0.5,0.96,0.0,5.97
EL PASO - 041188,2605,1774,7,256,0,0,8,544,68.1,0.27,9.83,0.0,0.0,0.31,20.88
EL PASO - 041189,1991,1423,48,331,28,73,0,92,71.47,2.41,16.62,1.41,3.67,0.0,4.62
EL PASO - 041190,1252,811,30,298,0,28,0,135,64.78,2.4,23.8,0.0,2.24,0.0,10.78
EL PASO - 041191,2762,1825,174,408,0,130,0,219,66.08,6.3,14.77,0.0,4.71,0.0,7.93
EL PASO - 041192,2447,1909,62,438,0,25,0,19,78.01,2.53,17.9,0.0,1.02,0.0,0.78
EL PASO - 041193,1693,1224,114,147,0,21,0,176,72.3,6.73,8.68,0.0,1.24,0.0,10.4
EL PASO - 041194,1525,715,177,454,21,43,0,126,46.89,11.61,29.77,1.38,2.82,0.0,8.26
EL PASO - 041195,1866,1256,0,575,0,13,0,31,67.31,0.0,30.81,0.0,0.7,0.0,1.66
EL PASO - 041196,1279,892,114,225,3,17,0,39,69.74,8.91,17.59,0.23,1.33,0.0,3.05
EL PASO - 041197,1508,1006,74,394,0,0,0,31,66.71,4.91,26.13,0.0,0.0,0.0,2.06
EL PASO - 041198,1712,1154,64,389,0,26,0,79,67.41,3.74,22.72,0.0,1.52,0.0,4.61
EL PASO - 041199,1335,717,111,343,0,8,0,154,53.71,8.31,25.69,0.0,0.6,0.0,11.54
EL PASO - 041200,5705,3952,570,637,11,277,74,184,69.27,9.99,11.17,0.19,4.86,1.3,3.23
EL PASO - 041201,1818,1498,5,223,0,16,0,69,82.4,0.28,12.27,0.0,0.88,0.0,3.8
EL PASO - 041202,1492,1248,17,185,20,19,0,0,83.65,1.14,12.4,1.34,1.27,0.0,0.0
EL PASO - 041203,1322,1142,56,70,0,5,0,19,86.38,4.24,5.3,0.0,0.38,0.0,1.44
EL PASO - 041204,1677,1324,133,136,8,71,0,15,78.95,7.93,8.11,0.48,4.23,0.0,0.89
EL PASO - 041205,2246,1792,117,294,0,50,0,70,79.79,5.21,13.09,0.0,2.23,0.0,3.12
EL PASO - 041206,1366,1098,27,204,0,16,0,13,80.38,1.98,14.93,0.0,1.17,0.0,0.95
EL PASO - 041207,2203,1679,54,302,9,107,0,73,76.21,2.45,13.71,0.41,4.86,0.0,3.31
EL PASO - 041208,1612,1344,16,108,21,54,0,38,83.37,0.99,6.7,1.3,3.35,0.0,2.36
EL PASO - 041209,1889,1582,29,113,0,89,0,9,83.75,1.54,5.98,0.0,4.71,0.0,0.48
EL PASO - 041210,1639,1391,9,92,3,150,0,56,84.87,0.55,5.61,0.18,9.15,0.0,3.42
EL PASO - 041211,1437,1278,16,69,1,48,0,13,88.94,1.11,4.8,0.07,3.34,0.0,0.9
EL PASO - 041212,1861,1691,4,138,0,20,0,17,90.87,0.21,7.42,0.0,1.07,0.0,0.91
EL PASO - 041213,896,839,3,32,0,9,0,0,93.64,0.33,3.57,0.0,1.0,0.0,0.0
EL PASO - 041214,1531,1331,23,136,0,5,0,49,86.94,1.5,8.88,0.0,0.33,0.0,3.2
EL PASO - 041215,2327,1958,87,90,0,118,0,51,84.14,3.74,3.87,0.0,5.07,0.0,2.19
EL PASO - 041216,4500,3648,82,411,7,94,118,151,81.07,1.82,9.13,0.16,2.09,2.62,3.36
EL PASO - 041217,2871,2525,23,67,0,85,0,189,87.95,0.8,2.33,0.0,2.96,0.0,6.58
EL PASO - 041218,1212,1132,5,65,0,1,0,4,93.4,0.41,5.36,0.0,0.08,0.0,0.33
EL PASO - 041219,1521,1275,22,111,5,27,0,43,83.83,1.45,7.3,0.33,1.78,0.0,2.83
EL PASO - 041220,2631,2135,70,70,0,118,7,239,81.15,2.66,2.66,0.0,4.48,0.27,9.08
EL PASO - 041221,1761,1453,71,101,0,72,0,61,82.51,4.03,5.74,0.0,4.09,0.0,3.46
EL PASO - 041222,2975,2486,43,214,28,133,0,59,83.56,1.45,7.19,0.94,4.47,0.0,1.98
EL PASO - 041223,2461,2037,46,102,0,85,15,159,82.77,1.87,4.14,0.0,3.45,0.61,6.46
EL PASO - 041224,1900,1343,153,206,0,108,0,100,70.68,8.05,10.84,0.0,5.68,0.0,5.26
EL PASO - 041225,5547,3968,562,485,0,314,0,235,71.53,10.13,8.74,0.0,5.66,0.0,4.24
EL PASO - 041226,966,727,17,188,0,10,0,16,75.26,1.76,19.46,0.0,1.04,0.0,1.66
EL PASO - 041230,1429,1080,21,247,18,59,0,5,75.58,1.47,17.28,1.26,4.13,0.0,0.35
EL PASO - 041231,1833,1461,30,142,0,119,0,82,79.71,1.64,7.75,0.0,6.49,0.0,4.47
EL PASO - 041232,1696,1385,35,98,4,140,0,10,81.66,2.06,5.78,0.24,8.25,0.0,0.59
EL PASO - 041233,1378,1239,31,100,0,7,0,0,89.91,2.25,7.26,0.0,0.51,0.0,0.0
EL PASO - 041234,1846,1449,8,94,0,312,0,7,78.49,0.43,5.09,0.0,16.9,0.0,0.38
EL PASO - 041235,1944,1643,11,156,0,60,0,74,84.52,0.57,8.02,0.0,3.09,0.0,3.81
EL PASO - 041236,1376,1049,22,162,0,65,0,83,76.24,1.6,11.77,0.0,4.72,0.0,6.03
EL PASO - 041237,1353,1013,24,167,0,85,0,63,74.87,1.77,12.34,0.0,6.28,0.0,4.66
EL PASO - 041238,1237,1004,2,146,0,39,0,34,81.16,0.16,11.8,0.0,3.15,0.0,2.75
EL PASO - 041239,1817,1451,49,159,0,39,0,77,79.86,2.7,8.75,0.0,2.15,0.0,4.24
EL PASO - 041240,1906,1375,16,377,0,37,0,103,72.14,0.84,19.78,0.0,1.94,0.0,5.4
EL PASO - 041241,1894,1501,29,232,16,70,0,54,79.25,1.53,12.25,0.84,3.7,0.0,2.85
EL PASO - 041242,2800,1930,128,594,0,3,0,136,68.93,4.57,21.21,0.0,0.11,0.0,4.86
EL PASO - 041243,2566,2066,130,197,0,28,0,147,80.51,5.07,7.68,0.0,1.09,0.0,5.73
EL PASO - 041244,2274,1797,72,226,0,103,0,61,79.02,3.17,9.94,0.0,4.53,0.0,2.68
EL PASO - 041245,1792,1664,0,121,0,27,0,12,92.86,0.0,6.75,0.0,1.51,0.0,0.67
EL PASO - 041246,1588,1056,288,188,11,7,0,37,66.5,18.14,11.84,0.69,0.44,0.0,2.33
EL PASO - 041247,1117,860,6,181,0,33,0,44,76.99,0.54,16.2,0.0,2.95,0.0,3.94
EL PASO - 041301,995,835,0,84,6,29,0,25,83.92,0.0,8.44,0.6,2.91,0.0,2.51
EL PASO - 041302,2355,2091,0,146,0,64,0,27,88.79,0.0,6.2,0.0,2.72,0.0,1.15
EL PASO - 041303,2010,1729,54,124,0,74,0,85,86.02,2.69,6.17,0.0,3.68,0.0,4.23
EL PASO - 041304,2082,1702,51,129,18,29,0,87,81.75,2.45,6.2,0.86,1.39,0.0,4.18
EL PASO - 041310,1671,1521,0,75,0,72,0,51,91.02,0.0,4.49,0.0,4.31,0.0,3.05
EL PASO - 041311,1653,1493,0,66,0,20,0,81,90.32,0.0,3.99,0.0,1.21,0.0,4.9
EL PASO - 041312,2133,1939,0,43,0,80,0,57,90.9,0.0,2.02,0.0,3.75,0.0,2.67
EL PASO - 041313,1624,1494,0,88,0,32,0,1,92.0,0.0,5.42,0.0,1.97,0.0,0.06
EL PASO - 041314,1647,1492,0,135,0,10,0,21,90.59,0.0,8.2,0.0,0.61,0.0,1.28
EL PASO - 041315,1407,1345,0,26,0,0,0,24,95.59,0.0,1.85,0.0,0.0,0.0,1.71
EL PASO - 041316,1513,1277,0,199,0,16,0,16,84.4,0.0,13.15,0.0,1.06,0.0,1.06
EL PASO - 041317,2018,1690,0,190,0,44,6,119,83.75,0.0,9.42,0.0,2.18,0.3,5.9
EL PASO - 041318,2111,1975,0,90,0,45,0,0,93.56,0.0,4.26,0.0,2.13,0.0,0.0
EL PASO - 041319,1657,1281,65,172,0,85,0,86,77.31,3.92,10.38,0.0,5.13,0.0,5.19
EL PASO - 041320,1678,1512,0,89,0,7,4,38,90.11,0.0,5.3,0.0,0.42,0.24,2.26
EL PASO - 041321,1678,1498,93,67,0,9,0,23,89.27,5.54,3.99,0.0,0.54,0.0,1.37
EL PASO - 041322,1438,1321,0,82,1,32,0,6,91.86,0.0,5.7,0.07,2.23,0.0,0.42
EL PASO - 041401,1845,1272,66,380,0,57,0,49,68.94,3.58,20.6,0.0,3.09,0.0,2.66
EL PASO - 041402,2370,1732,115,364,11,58,0,108,73.08,4.85,15.36,0.46,2.45,0.0,4.56
EL PASO - 041403,1555,1214,16,143,4,109,4,52,78.07,1.03,9.2,0.26,7.01,0.26,3.34
EL PASO - 041404,1672,1097,171,317,0,41,0,51,65.61,10.23,18.96,0.0,2.45,0.0,3.05
EL PASO - 041405,1649,1035,40,347,0,87,0,134,62.77,2.43,21.04,0.0,5.28,0.0,8.13
EL PASO - 041406,1781,1115,22,282,0,146,0,222,62.61,1.24,15.83,0.0,8.2,0.0,12.46
EL PASO - 041407,2007,1415,107,295,0,125,0,47,70.5,5.33,14.7,0.0,6.23,0.0,2.34
EL PASO - 041408,2508,1685,64,301,9,297,37,119,67.19,2.55,12.0,0.36,11.84,1.48,4.74
EL PASO - 041409,1897,1653,0,154,0,0,0,90,87.14,0.0,8.12,0.0,0.0,0.0,4.74
EL PASO - 041410,1988,1396,54,389,0,32,2,119,70.22,2.72,19.57,0.0,1.61,0.1,5.99
EL PASO - 041411,2371,1782,141,315,0,105,3,21,75.16,5.95,13.29,0.0,4.43,0.13,0.89
EL PASO - 041412,2166,1555,212,225,34,5,32,119,71.79,9.79,10.39,1.57,0.23,1.48,5.49
EL PASO - 041413,2044,1079,203,395,0,101,0,250,52.79,9.93,19.32,0.0,4.94,0.0,12.23
EL PASO - 041414,1924,1190,68,486,0,72,0,109,61.85,3.53,25.26,0.0,3.74,0.0,5.67
EL PASO - 041415,2352,1439,90,552,24,191,0,36,61.18,3.83,23.47,1.02,8.12,0.0,1.53
EL PASO - 041416,2645,2057,224,273,0,55,0,37,77.77,8.47,10.32,0.0,2.08,0.0,1.4
EL PASO - 041417,2229,1756,87,249,0,63,0,69,78.78,3.9,11.17,0.0,2.83,0.0,3.1
EL PASO - 041418,1712,1189,76,180,0,167,0,116,69.45,4.44,10.51,0.0,9.75,0.0,6.78
EL PASO - 041419,1412,974,49,313,0,74,0,1,68.98,3.47,22.17,0.0,5.24,0.0,0.07
EL PASO - 041420,6385,3984,564,1267,0,354,0,208,62.4,8.83,19.84,0.0,5.54,0.0,3.26
EL PASO - 041421,1451,912,211,221,16,48,0,45,62.85,14.54,15.23,1.1,3.31,0.0,3.1
EL PASO - 041422,1545,968,177,325,12,0,0,58,62.65,11.46,21.04,0.78,0.0,0.0,3.75
EL PASO - 041423,1731,1237,63,370,0,34,0,65,71.46,3.64,21.37,0.0,1.96,0.0,3.76
EL PASO - 041440,2204,1990,18,22,6,119,0,37,90.29,0.82,1.0,0.27,5.4,0.0,1.68
EL PASO - 041441,1156,943,15,96,9,0,8,55,81.57,1.3,8.3,0.78,0.0,0.69,4.76
EL PASO - 041442,2620,2038,209,303,9,29,0,66,77.79,7.98,11.56,0.34,1.11,0.0,2.52
EL PASO - 041443,1154,1010,23,95,0,9,0,10,87.52,1.99,8.23,0.0,0.78,0.0,0.87
EL PASO - 041444,2610,1850,194,382,0,29,0,106,70.88,7.43,14.64,0.0,1.11,0.0,4.06
EL PASO - 041445,2804,1808,345,362,17,128,0,166,64.48,12.3,12.91,0.61,4.56,0.0,5.92
EL PASO - 041446,4124,3329,222,278,0,41,0,242,80.72,5.38,6.74,0.0,0.99,0.0,5.87
EL PASO - 041447,1493,1149,8,249,0,39,0,47,76.96,0.54,16.68,0.0,2.61,0.0,3.15
EL PASO - 041448,1334,1072,49,123,0,12,0,83,80.36,3.67,9.22,0.0,0.9,0.0,6.22
EL PASO - 041449,1480,1044,130,223,0,36,0,46,70.54,8.78,15.07,0.0,2.43,0.0,3.11
EL PASO - 041450,1672,1185,199,170,0,81,16,49,70.87,11.9,10.17,0.0,4.84,0.96,2.93
EL PASO - 041451,1700,1204,305,119,0,32,9,31,70.82,17.94,7.0,0.0,1.88,0.53,1.82
EL PASO - 041452,1661,1393,23,144,7,38,0,57,83.87,1.38,8.67,0.42,2.29,0.0,3.43
EL PASO - 041453,1472,1080,9,195,0,175,6,10,73.37,0.61,13.25,0.0,11.89,0.41,0.68
EL PASO - 041454,2831,1952,242,317,11,60,0,275,68.95,8.55,11.2,0.39,2.12,0.0,9.71
EL PASO - 041500,333,320,0,5,4,0,0,1,96.1,0.0,1.5,1.2,0.0,0.0,0.3
EL PASO - 041501,1215,1120,14,66,3,0,0,20,92.18,1.15,5.43,0.25,0.0,0.0,1.65
EL PASO - 041502,818,741,4,59,0,0,0,20,90.59,0.49,7.21,0.0,0.0,0.0,2.44
EL PASO - 041520,186,137,19,12,0,0,0,4,73.66,10.22,6.45,0.0,0.0,0.0,2.15
EL PASO - 041521,2336,1710,228,304,0,12,0,85,73.2,9.76,13.01,0.0,0.51,0.0,3.64
EL PASO - 041522,1928,1670,3,195,21,0,0,37,86.62,0.16,10.11,1.09,0.0,0.0,1.92
EL PASO - 041523,1480,1326,26,95,0,3,0,25,89.59,1.76,6.42,0.0,0.2,0.0,1.69
EL PASO - 041524,1428,1305,7,64,0,0,0,56,91.39,0.49,4.48,0.0,0.0,0.0,3.92
EL PASO - 041525,281,243,1,9,0,13,0,30,86.48,0.36,3.2,0.0,4.63,0.0,10.68
EL PASO - 041554,240,183,8,23,0,0,0,2,76.25,3.33,9.58,0.0,0.0,0.0,0.83
EL PASO - 041560,1817,1602,5,176,1,7,0,29,88.17,0.28,9.69,0.06,0.39,0.0,1.6
EL PASO - 041601,1628,1228,12,305,0,40,0,30,75.43,0.74,18.73,0.0,2.46,0.0,1.84
EL PASO - 041602,1759,1475,32,160,8,37,4,27,83.85,1.82,9.1,0.45,2.1,0.23,1.53
EL PASO - 041603,1957,1397,148,218,0,39,115,82,71.38,7.56,11.14,0.0,1.99,5.88,4.19
EL PASO - 041604,2458,1197,549,540,0,23,0,134,48.7,22.34,21.97,0.0,0.94,0.0,5.45
EL PASO - 041605,2158,1237,215,595,0,28,18,63,57.32,9.96,27.57,0.0,1.3,0.83,2.92
EL PASO - 041606,1612,1068,105,281,0,29,59,39,66.25,6.51,17.43,0.0,1.8,3.66,2.42
EL PASO - 041610,2807,1719,185,735,4,80,0,95,61.24,6.59,26.18,0.14,2.85,0.0,3.38
EL PASO - 041611,2707,1077,346,997,3,40,0,224,39.79,12.78,36.83,0.11,1.48,0.0,8.27
EL PASO - 041612,2698,1231,234,909,1,109,0,187,45.63,8.67,33.69,0.04,4.04,0.0,6.93
EL PASO - 041613,2290,1526,178,560,4,21,0,29,66.64,7.77,24.45,0.17,0.92,0.0,1.27
EL PASO - 041614,2604,1199,402,931,0,0,0,72,46.04,15.44,35.75,0.0,0.0,0.0,2.76
EL PASO - 041615,2175,1127,216,673,19,9,0,135,51.82,9.93,30.94,0.87,0.41,0.0,6.21
EL PASO - 041616,2460,902,463,1030,0,52,0,60,36.67,18.82,41.87,0.0,2.11,0.0,2.44
EL PASO - 041619,1667,421,738,214,50,28,0,216,25.25,44.27,12.84,3.0,1.68,0.0,12.96
EL PASO - 041620,792,398,119,203,0,52,0,20,50.25,15.03,25.63,0.0,6.57,0.0,2.53
EL PASO - 041621,2823,1147,357,993,17,70,13,205,40.63,12.65,35.18,0.6,2.48,0.46,7.26
EL PASO - 041622,2474,1085,590,587,0,47,4,184,43.86,23.85,23.73,0.0,1.9,0.16,7.44
EL PASO - 041623,2953,1597,619,605,0,88,0,73,54.08,20.96,20.49,0.0,2.98,0.0,2.47
EL PASO - 041624,2815,1262,337,879,25,96,0,166,44.83,11.97,31.23,0.89,3.41,0.0,5.9
EL PASO - 041625,2287,733,254,838,0,345,0,144,32.05,11.11,36.64,0.0,15.09,0.0,6.3
EL PASO - 041626,2442,1030,394,650,4,261,0,95,42.18,16.13,26.62,0.16,10.69,0.0,3.89
EL PASO - 041627,1751,846,337,507,22,6,0,33,48.32,19.25,28.95,1.26,0.34,0.0,1.88
EL PASO - 041630,2065,1512,144,274,1,14,0,85,73.22,6.97,13.27,0.05,0.68,0.0,4.12
EL PASO - 041631,688,396,33,228,0,2,0,14,57.56,4.8,33.14,0.0,0.29,0.0,2.03
EL PASO - 041632,2885,1646,443,672,13,37,0,89,57.05,15.36,23.29,0.45,1.28,0.0,3.08
EL PASO - 041633,2054,1593,14,428,3,10,0,39,77.56,0.68,20.84,0.15,0.49,0.0,1.9
EL PASO - 041634,2018,1361,68,462,0,54,0,71,67.44,3.37,22.89,0.0,2.68,0.0,3.52
EL PASO - 041635,2060,1372,282,233,0,66,0,85,66.6,13.69,11.31,0.0,3.2,0.0,4.13
EL PASO - 041636,2395,1681,155,424,15,0,0,144,70.19,6.47,17.7,0.63,0.0,0.0,6.01
EL PASO - 041637,2380,1628,163,427,7,36,18,106,68.4,6.85,17.94,0.29,1.51,0.76,4.45
EL PASO - 041638,2201,1061,108,887,4,16,64,57,48.21,4.91,40.3,0.18,0.73,2.91,2.59
EL PASO - 041639,2726,1893,247,340,5,84,49,130,69.44,9.06,12.47,0.18,3.08,1.8,4.77
EL PASO - 041640,1703,1101,143,402,0,18,25,49,64.65,8.4,23.61,0.0,1.06,1.47,2.88
EL PASO - 041641,2077,1285,264,426,0,34,39,15,61.87,12.71,20.51,0.0,1.64,1.88,0.72
EL PASO - 041642,2654,1758,345,422,0,77,4,64,66.24,13.0,15.9,0.0,2.9,0.15,2.41
EL PASO - 041643,1564,949,174,203,0,110,8,92,60.68,11.13,12.98,0.0,7.03,0.51,5.88
EL PASO - 041644,1670,992,254,360,0,6,0,57,59.4,15.21,21.56,0.0,0.36,0.0,3.41
EL PASO - 041650,3262,1605,252,1049,11,139,50,120,49.2,7.73,32.16,0.34,4.26,1.53,3.68
EL PASO - 041651,4732,2390,619,1039,68,250,228,155,50.51,13.08,21.96,1.44,5.28,4.82,3.28
EL PASO - 041652,2141,955,459,481,1,68,27,124,44.61,21.44,22.47,0.05,3.18,1.26,5.79
EL PASO - 041653,272,175,11,29,15,24,10,10,64.34,4.04,10.66,5.51,8.82,3.68,3.68
EL PASO - 041721,1597,1345,14,148,0,40,0,29,84.22,0.88,9.27,0.0,2.5,0.0,1.82
EL PASO - 041722,1817,1660,0,105,0,45,0,7,91.36,0.0,5.78,0.0,2.48,0.0,0.39
EL PASO - 041723,2217,1677,150,297,0,62,0,60,75.64,6.77,13.4,0.0,2.8,0.0,2.71
EL PASO - 041724,2436,1994,32,315,0,82,0,18,81.86,1.31,12.93,0.0,3.37,0.0,0.74
EL PASO - 041725,2117,1710,13,289,0,55,0,50,80.77,0.61,13.65,0.0,2.6,0.0,2.36
EL PASO - 041726,1410,1322,14,54,0,9,0,10,93.76,0.99,3.83,0.0,0.64,0.0,0.71
EL PASO - 041727,2085,1732,8,244,14,109,0,2,83.07,0.38,11.7,0.67,5.23,0.0,0.1
EL PASO - 041728,2101,1899,0,76,0,52,0,75,90.39,0.0,3.62,0.0,2.48,0.0,3.57
EL PASO - 041729,2068,1764,29,207,10,28,0,4,85.3,1.4,10.01,0.48,1.35,0.0,0.19
EL PASO - 041730,2035,1536,12,247,0,103,12,128,75.48,0.59,12.14,0.0,5.06,0.59,6.29
EL PASO - 041740,1942,1757,2,132,0,1,8,44,90.47,0.1,6.8,0.0,0.05,0.41,2.27
EL PASO - 041741,535,476,0,60,0,0,0,1,88.97,0.0,11.21,0.0,0.0,0.0,0.19
EL PASO - 041742,1213,1073,2,138,0,5,0,0,88.46,0.16,11.38,0.0,0.41,0.0,0.0
EL PASO - 041743,1398,1285,0,64,17,19,5,16,91.92,0.0,4.58,1.22,1.36,0.36,1.14
EL PASO - 041744,1164,1100,2,45,3,1,0,1,94.5,0.17,3.87,0.26,0.09,0.0,0.09
EL PASO - 041745,242,208,1,14,1,6,0,7,85.95,0.41,5.79,0.41,2.48,0.0,2.89
EL PASO - 041800,11847,6687,1439,2629,125,306,18,643,56.44,12.15,22.19,1.06,2.58,0.15,5.43
EL PASO - 041801,3296,2128,317,543,17,95,108,98,64.56,9.62,16.47,0.52,2.88,3.28,2.97
EL PASO - 041802,2241,1497,90,551,5,28,0,125,66.8,4.02,24.59,0.22,1.25,0.0,5.58
EL PASO - 041803,1729,829,78,602,6,111,17,62,47.95,4.51,34.82,0.35,6.42,0.98,3.59
EL PASO - 041804,1156,829,70,222,0,9,0,27,71.71,6.06,19.2,0.0,0.78,0.0,2.34
EL PASO - 041805,2420,1469,311,448,0,100,0,72,60.7,12.85,18.51,0.0,4.13,0.0,2.98
EL PASO - 041806,1197,914,55,144,0,55,0,32,76.36,4.59,12.03,0.0,4.59,0.0,2.67
EL PASO - 041807,2620,1783,115,566,8,18,0,99,68.05,4.39,21.6,0.31,0.69,0.0,3.78
EL PASO - 041808,2454,1354,417,496,0,92,1,93,55.18,16.99,20.21,0.0,3.75,0.04,3.79
EL PASO - 041828,583,446,30,52,3,14,2,67,76.5,5.15,8.92,0.51,2.4,0.34,11.49
EL PASO - 041839,1180,1099,0,56,0,5,0,30,93.14,0.0,4.75,0.0,0.42,0.0,2.54
EL PASO - 041901,965,744,36,61,0,16,0,108,77.1,3.73,6.32,0.0,1.66,0.0,11.19
ELBERT - 039001,1285,1103,0,100,3,12,12,42,85.84,0.0,7.78,0.23,0.93,0.93,3.27
ELBERT - 039002,2042,1854,0,166,0,0,11,35,90.79,0.0,8.13,0.0,0.0,0.54,1.71
ELBERT - 039003,1486,1338,9,77,1,28,0,20,90.04,0.61,5.18,0.07,1.88,0.0,1.35
ELBERT - 039004,1743,1568,28,27,1,89,0,36,89.96,1.61,1.55,0.06,5.11,0.0,2.07
ELBERT - 039005,830,723,0,64,0,0,7,8,87.11,0.0,7.71,0.0,0.0,0.84,0.96
ELBERT - 039006,1848,1684,42,68,0,15,26,24,91.13,2.27,3.68,0.0,0.81,1.41,1.3
ELBERT - 039007,2017,1572,0,365,0,0,0,57,77.94,0.0,18.1,0.0,0.0,0.0,2.83
ELBERT - 039008,844,782,0,44,0,0,0,20,92.65,0.0,5.21,0.0,0.0,0.0,2.37
ELBERT - 039009,1999,1770,21,163,0,2,2,45,88.54,1.05,8.15,0.0,0.1,0.1,2.25
ELBERT - 039010,1582,1445,0,77,0,0,0,93,91.34,0.0,4.87,0.0,0.0,0.0,5.88
ELBERT - 039011,1026,941,0,47,7,0,0,26,91.72,0.0,4.58,0.68,0.0,0.0,2.53
ELBERT - 039012,985,895,0,71,15,0,0,1,90.86,0.0,7.21,1.52,0.0,0.0,0.1
ELBERT - 039013,1082,908,49,95,0,0,0,22,83.92,4.53,8.78,0.0,0.0,0.0,2.03
ELBERT - 039014,1838,1590,32,154,2,10,0,54,86.51,1.74,8.38,0.11,0.54,0.0,2.94
ELBERT - 039015,1098,1009,0,50,17,1,0,30,91.89,0.0,4.55,1.55,0.09,0.0,2.73
FREMONT - 043001,1052,736,5,223,0,0,7,38,69.96,0.48,21.2,0.0,0.0,0.67,3.61
FREMONT - 043002,1405,1071,3,240,0,15,0,132,76.23,0.21,17.08,0.0,1.07,0.0,9.4
FREMONT - 043003,1290,1119,0,113,0,0,0,40,86.74,0.0,8.76,0.0,0.0,0.0,3.1
FREMONT - 043004,1236,1030,0,166,0,36,0,13,83.33,0.0,13.43,0.0,2.91,0.0,1.05
FREMONT - 043005,929,742,5,138,1,6,0,20,79.87,0.54,14.85,0.11,0.65,0.0,2.15
FREMONT - 043006,840,618,0,207,0,0,0,27,73.57,0.0,24.64,0.0,0.0,0.0,3.21
FREMONT - 043007,3513,2076,535,603,172,18,0,100,59.09,15.23,17.16,4.9,0.51,0.0,2.85
FREMONT - 043008,999,915,23,63,10,1,0,2,91.59,2.3,6.31,1.0,0.1,0.0,0.2
FREMONT - 043009,997,800,0,122,22,0,0,0,80.24,0.0,12.24,2.21,0.0,0.0,0.0
FREMONT - 043010,1322,1160,48,109,17,3,0,24,87.75,3.63,8.25,1.29,0.23,0.0,1.82
FREMONT - 043011,1880,1680,0,156,20,11,0,33,89.36,0.0,8.3,1.06,0.59,0.0,1.76
FREMONT - 043012,2897,2160,91,509,24,0,0,25,74.56,3.14,17.57,0.83,0.0,0.0,0.86
FREMONT - 043013,1207,1213,0,49,15,0,0,5,100.5,0.0,4.06,1.24,0.0,0.0,0.41
FREMONT - 043014,1109,977,0,31,15,57,5,26,88.1,0.0,2.8,1.35,5.14,0.45,2.34
FREMONT - 043015,967,979,0,24,0,0,0,0,101.24,0.0,2.48,0.0,0.0,0.0,0.0
FREMONT - 043016,1357,1320,0,15,0,0,0,0,97.27,0.0,1.11,0.0,0.0,0.0,0.0
FREMONT - 043017,1158,1082,2,45,0,0,0,25,93.44,0.17,3.89,0.0,0.0,0.0,2.16
FREMONT - 043018,1626,1510,11,49,10,0,0,31,92.87,0.68,3.01,0.62,0.0,0.0,1.91
FREMONT - 043019,2100,1879,0,189,6,0,0,28,89.48,0.0,9.0,0.29,0.0,0.0,1.33
FREMONT - 043020,1494,1115,0,294,24,0,0,58,74.63,0.0,19.68,1.61,0.0,0.0,3.88
FREMONT - 043021,646,597,7,13,0,0,0,12,92.41,1.08,2.01,0.0,0.0,0.0,1.86
FREMONT - 043022,2030,1901,18,101,0,11,0,15,93.65,0.89,4.98,0.0,0.54,0.0,0.74
FREMONT - 043023,468,461,1,7,0,0,0,0,98.5,0.21,1.5,0.0,0.0,0.0,0.0
FREMONT - 043024,935,868,0,18,0,0,0,47,92.83,0.0,1.93,0.0,0.0,0.0,5.03
FREMONT - 043025,223,230,0,4,0,0,0,0,103.14,0.0,1.79,0.0,0.0,0.0,0.0
FREMONT - 043026,644,615,12,17,0,0,0,6,95.5,1.86,2.64,0.0,0.0,0.0,0.93
FREMONT - 043027,4794,2344,721,1444,190,58,0,29,48.89,15.04,30.12,3.96,1.21,0.0,0.6
FREMONT - 043028,224,201,0,17,0,17,0,0,89.73,0.0,7.59,0.0,7.59,0.0,0.0
FREMONT - 043029,643,563,6,36,0,0,0,20,87.56,0.93,5.6,0.0,0.0,0.0,3.11
FREMONT - 043030,1141,1057,26,39,6,0,0,19,92.64,2.28,3.42,0.53,0.0,0.0,1.67
GARFIELD - 045001,2408,1737,72,562,14,33,0,51,72.13,2.99,23.34,0.58,1.37,0.0,2.12
GARFIELD - 045002,1765,1526,19,147,0,43,0,1,86.46,1.08,8.33,0.0,2.44,0.0,0.06
GARFIELD - 045003,1939,1625,0,306,0,6,4,10,83.81,0.0,15.78,0.0,0.31,0.21,0.52
GARFIELD - 045004,1560,1382,17,116,5,2,0,39,88.59,1.09,7.44,0.32,0.13,0.0,2.5
GARFIELD - 045005,2270,1977,0,160,1,7,0,28,87.09,0.0,7.05,0.04,0.31,0.0,1.23
GARFIELD - 045006,1227,813,5,306,1,26,5,48,66.26,0.41,24.94,0.08,2.12,0.41,3.91
GARFIELD - 045007,657,531,19,72,5,5,0,43,80.82,2.89,10.96,0.76,0.76,0.0,6.54
GARFIELD - 045008,1156,859,0,309,0,11,0,8,74.31,0.0,26.73,0.0,0.95,0.0,0.69
GARFIELD - 045009,1285,1045,0,221,8,22,0,8,81.32,0.0,17.2,0.62,1.71,0.0,0.62
GARFIELD - 045010,2492,1911,0,482,17,13,0,74,76.69,0.0,19.34,0.68,0.52,0.0,2.97
GARFIELD - 045011,1182,1018,11,121,0,0,0,26,86.13,0.93,10.24,0.0,0.0,0.0,2.2
GARFIELD - 045012,1629,1022,23,530,0,0,0,60,62.74,1.41,32.54,0.0,0.0,0.0,3.68
GARFIELD - 045013,1241,978,0,246,0,12,0,10,78.81,0.0,19.82,0.0,0.97,0.0,0.81
GARFIELD - 045014,1787,1255,0,494,11,0,0,20,70.23,0.0,27.64,0.62,0.0,0.0,1.12
GARFIELD - 045015,1482,1118,0,357,10,0,0,14,75.44,0.0,24.09,0.67,0.0,0.0,0.94
GARFIELD - 045016,2217,1587,100,528,0,0,1,19,71.58,4.51,23.82,0.0,0.0,0.05,0.86
GARFIELD - 045017,1390,1140,0,186,0,0,4,18,82.01,0.0,13.38,0.0,0.0,0.29,1.29
GARFIELD - 045018,660,690,0,41,7,0,0,7,104.55,0.0,6.21,1.06,0.0,0.0,1.06
GARFIELD - 045019,2011,1183,0,667,8,24,4,57,58.83,0.0,33.17,0.4,1.19,0.2,2.83
GARFIELD - 045020,1497,1082,5,360,0,13,0,24,72.28,0.33,24.05,0.0,0.87,0.0,1.6
GARFIELD - 045021,1837,1191,5,606,0,18,5,29,64.83,0.27,32.99,0.0,0.98,0.27,1.58
GARFIELD - 045022,1954,1094,16,789,0,7,23,28,55.99,0.82,40.38,0.0,0.36,1.18,1.43
GARFIELD - 045023,1309,862,0,412,11,0,10,0,65.85,0.0,31.47,0.84,0.0,0.76,0.0
GARFIELD - 045024,558,487,19,19,0,0,0,34,87.28,3.41,3.41,0.0,0.0,0.0,6.09
GARFIELD - 045025,1214,1074,0,98,5,13,8,7,88.47,0.0,8.07,0.41,1.07,0.66,0.58
GARFIELD - 045026,2199,1841,0,293,35,10,3,23,83.72,0.0,13.32,1.59,0.45,0.14,1.05
GARFIELD - 045027,1264,1097,6,147,0,0,5,12,86.79,0.47,11.63,0.0,0.0,0.4,0.95
GILPIN - 047001,421,302,0,105,0,0,0,16,71.73,0.0,24.94,0.0,0.0,0.0,3.8
GILPIN - 047002,743,650,47,52,0,13,0,9,87.48,6.33,7.0,0.0,1.75,0.0,1.21
GILPIN - 047003,1275,1165,0,81,5,0,0,7,91.37,0.0,6.35,0.39,0.0,0.0,0.55
GILPIN - 047004,640,501,0,16,48,14,0,0,78.28,0.0,2.5,7.5,2.19,0.0,0.0
GILPIN - 047005,888,880,0,8,6,0,0,6,99.1,0.0,0.9,0.68,0.0,0.0,0.68
GILPIN - 047006,900,749,95,29,0,33,0,30,83.22,10.56,3.22,0.0,3.67,0.0,3.33
GRAND - 049001,570,539,0,4,0,0,0,35,94.56,0.0,0.7,0.0,0.0,0.0,6.14
GRAND - 049002,1744,1592,0,89,81,0,0,34,91.28,0.0,5.1,4.64,0.0,0.0,1.95
GRAND - 049003,1907,1647,0,182,27,0,0,31,86.37,0.0,9.54,1.42,0.0,0.0,1.63
GRAND - 049004,869,659,18,198,0,2,0,10,75.83,2.07,22.78,0.0,0.23,0.0,1.15
GRAND - 049005,1159,913,0,205,0,3,0,5,78.77,0.0,17.69,0.0,0.26,0.0,0.43
GRAND - 049006,795,739,16,17,0,37,0,29,92.96,2.01,2.14,0.0,4.65,0.0,3.65
GRAND - 049007,1192,1150,0,22,0,16,0,0,96.48,0.0,1.85,0.0,1.34,0.0,0.0
GRAND - 049008,980,858,0,95,0,0,0,8,87.55,0.0,9.69,0.0,0.0,0.0,0.82
GRAND - 049009,804,711,0,39,0,15,0,0,88.43,0.0,4.85,0.0,1.87,0.0,0.0
GRAND - 049010,1155,1085,0,21,0,0,0,59,93.94,0.0,1.82,0.0,0.0,0.0,5.11
GRAND - 049011,639,629,0,3,0,0,3,0,98.44,0.0,0.47,0.0,0.0,0.47,0.0
GRAND - 049012,1120,1060,0,28,14,0,1,5,94.64,0.0,2.5,1.25,0.0,0.09,0.45
GUNNISON - 051001,178,166,0,0,0,0,0,9,93.26,0.0,0.0,0.0,0.0,0.0,5.06
GUNNISON - 051002,589,588,0,0,0,0,0,6,99.83,0.0,0.0,0.0,0.0,0.0,1.02
GUNNISON - 051003,1125,1010,0,65,0,0,0,61,89.78,0.0,5.78,0.0,0.0,0.0,5.42
GUNNISON - 051004,658,590,0,41,0,0,0,22,89.67,0.0,6.23,0.0,0.0,0.0,3.34
GUNNISON - 051005,1885,1658,0,218,0,0,0,12,87.96,0.0,11.56,0.0,0.0,0.0,0.64
GUNNISON - 051006,989,924,0,52,0,0,0,0,93.43,0.0,5.26,0.0,0.0,0.0,0.0
GUNNISON - 051007,665,630,0,38,0,0,0,1,94.74,0.0,5.71,0.0,0.0,0.0,0.15
GUNNISON - 051008,971,911,0,28,19,0,0,14,93.82,0.0,2.88,1.96,0.0,0.0,1.44
GUNNISON - 051009,1255,1158,0,51,0,20,0,29,92.27,0.0,4.06,0.0,1.59,0.0,2.31
GUNNISON - 051010,1808,1464,53,199,24,37,0,10,80.97,2.93,11.01,1.33,2.05,0.0,0.55
GUNNISON - 051011,577,511,0,42,0,0,0,23,88.56,0.0,7.28,0.0,0.0,0.0,3.99
GUNNISON - 051012,319,282,0,32,1,4,0,1,88.4,0.0,10.03,0.31,1.25,0.0,0.31
GUNNISON - 051013,1210,1095,11,42,0,0,0,77,90.5,0.91,3.47,0.0,0.0,0.0,6.36
GUNNISON - 051014,1325,1039,3,173,0,4,5,78,78.42,0.23,13.06,0.0,0.3,0.38,5.89
GUNNISON - 051015,771,654,6,62,5,4,3,60,84.82,0.78,8.04,0.65,0.52,0.39,7.78
HINSDALE - 027001,818,723,0,18,13,0,0,64,88.39,0.0,2.2,1.59,0.0,0.0,7.82
HUERFANO - 055001,383,275,0,100,0,0,0,19,71.8,0.0,26.11,0.0,0.0,0.0,4.96
HUERFANO - 055002,919,802,0,104,1,0,0,13,87.27,0.0,11.32,0.11,0.0,0.0,1.41
HUERFANO - 055003,529,238,0,244,16,13,0,9,44.99,0.0,46.12,3.02,2.46,0.0,1.7
HUERFANO - 055004,1018,391,0,525,63,4,0,69,38.41,0.0,51.57,6.19,0.39,0.0,6.78
HUERFANO - 055005,187,178,0,6,0,0,0,5,95.19,0.0,3.21,0.0,0.0,0.0,2.67
HUERFANO - 055006,901,576,0,318,0,0,0,6,63.93,0.0,35.29,0.0,0.0,0.0,0.67
HUERFANO - 055007,271,213,0,35,0,0,0,1,78.6,0.0,12.92,0.0,0.0,0.0,0.37
HUERFANO - 055008,59,44,0,11,0,0,0,0,74.58,0.0,18.64,0.0,0.0,0.0,0.0
HUERFANO - 055009,924,683,0,194,1,0,0,39,73.92,0.0,21.0,0.11,0.0,0.0,4.22
HUERFANO - 055010,585,501,0,63,3,0,0,7,85.64,0.0,10.77,0.51,0.0,0.0,1.2
HUERFANO - 055011,108,108,0,6,0,0,0,0,100.0,0.0,5.56,0.0,0.0,0.0,0.0
JACKSON - 057001,404,353,8,46,0,0,0,0,87.38,1.98,11.39,0.0,0.0,0.0,0.0
JACKSON - 057002,73,67,2,0,0,0,0,0,91.78,2.74,0.0,0.0,0.0,0.0,0.0
JACKSON - 057003,162,156,4,0,0,0,0,0,96.3,2.47,0.0,0.0,0.0,0.0,0.0
JACKSON - 057004,62,55,2,0,0,0,0,0,88.71,3.23,0.0,0.0,0.0,0.0,0.0
JACKSON - 057005,435,380,3,56,4,0,0,0,87.36,0.69,12.87,0.92,0.0,0.0,0.0
JEFFERSON - 059001,161,145,2,11,0,4,0,3,90.06,1.24,6.83,0.0,2.48,0.0,1.86
JEFFERSON - 059002,1243,967,32,90,0,130,0,20,77.8,2.57,7.24,0.0,10.46,0.0,1.61
JEFFERSON - 059003,1171,988,0,180,0,0,0,0,84.37,0.0,15.37,0.0,0.0,0.0,0.0
JEFFERSON - 059004,1905,1610,24,259,3,2,0,1,84.51,1.26,13.6,0.16,0.1,0.0,0.05
JEFFERSON - 059005,1670,1446,9,128,0,70,0,26,86.59,0.54,7.66,0.0,4.19,0.0,1.56
JEFFERSON - 059006,1908,1752,9,121,0,0,0,12,91.82,0.47,6.34,0.0,0.0,0.0,0.63
JEFFERSON - 059007,1960,1749,49,122,1,0,0,50,89.23,2.5,6.22,0.05,0.0,0.0,2.55
JEFFERSON - 059008,1898,1641,20,115,0,32,0,102,86.46,1.05,6.06,0.0,1.69,0.0,5.37
JEFFERSON - 059009,1507,1210,0,223,0,83,0,0,80.29,0.0,14.8,0.0,5.51,0.0,0.0
JEFFERSON - 059010,643,599,0,33,0,0,0,1,93.16,0.0,5.13,0.0,0.0,0.0,0.16
JEFFERSON - 059011,1087,892,0,135,1,30,0,17,82.06,0.0,12.42,0.09,2.76,0.0,1.56
JEFFERSON - 059012,1692,1441,0,210,0,17,0,18,85.17,0.0,12.41,0.0,1.0,0.0,1.06
JEFFERSON - 059013,1048,855,0,167,0,7,0,14,81.58,0.0,15.94,0.0,0.67,0.0,1.34
JEFFERSON - 059014,1363,1114,11,152,3,13,0,85,81.73,0.81,11.15,0.22,0.95,0.0,6.24
JEFFERSON - 059015,496,417,15,56,0,0,0,0,84.07,3.02,11.29,0.0,0.0,0.0,0.0
JEFFERSON - 059016,2136,1787,18,208,0,44,2,89,83.66,0.84,9.74,0.0,2.06,0.09,4.17
JEFFERSON - 059017,1113,894,18,147,9,41,0,0,80.32,1.62,13.21,0.81,3.68,0.0,0.0
JEFFERSON - 059018,1258,1087,0,130,0,42,0,0,86.41,0.0,10.33,0.0,3.34,0.0,0.0
JEFFERSON - 059019,2040,1819,0,71,0,10,0,144,89.17,0.0,3.48,0.0,0.49,0.0,7.06
JEFFERSON - 059020,1824,1329,14,328,0,114,0,26,72.86,0.77,17.98,0.0,6.25,0.0,1.43
JEFFERSON - 059021,1764,1511,0,159,0,48,0,58,85.66,0.0,9.01,0.0,2.72,0.0,3.29
JEFFERSON - 059022,1320,1200,0,61,0,3,0,28,90.91,0.0,4.62,0.0,0.23,0.0,2.12
JEFFERSON - 059023,1803,1518,3,55,0,93,0,147,84.19,0.17,3.05,0.0,5.16,0.0,8.15
JEFFERSON - 059024,1810,1499,0,255,15,2,0,10,82.82,0.0,14.09,0.83,0.11,0.0,0.55
JEFFERSON - 059025,1194,1028,5,114,0,24,0,23,86.1,0.42,9.55,0.0,2.01,0.0,1.93
JEFFERSON - 059026,2210,1691,1,470,0,1,0,15,76.52,0.05,21.27,0.0,0.05,0.0,0.68
JEFFERSON - 059027,1448,1235,12,8,0,146,0,41,85.29,0.83,0.55,0.0,10.08,0.0,2.83
JEFFERSON - 059028,1669,1414,0,140,8,61,0,46,84.72,0.0,8.39,0.48,3.65,0.0,2.76
JEFFERSON - 059029,1693,1518,7,167,0,28,0,0,89.66,0.41,9.86,0.0,1.65,0.0,0.0
JEFFERSON - 059030,2074,1687,1,166,0,182,0,56,81.34,0.05,8.0,0.0,8.78,0.0,2.7
JEFFERSON - 059031,1157,976,10,144,0,15,0,20,84.36,0.86,12.45,0.0,1.3,0.0,1.73
JEFFERSON - 059032,1510,1159,14,223,0,46,0,79,76.75,0.93,14.77,0.0,3.05,0.0,5.23
JEFFERSON - 059033,1784,1493,6,191,0,49,0,37,83.69,0.34,10.71,0.0,2.75,0.0,2.07
JEFFERSON - 059034,1930,1538,0,275,11,83,0,43,79.69,0.0,14.25,0.57,4.3,0.0,2.23
JEFFERSON - 059035,1148,1020,14,57,0,15,8,34,88.85,1.22,4.97,0.0,1.31,0.7,2.96
JEFFERSON - 059036,2004,1898,0,103,0,9,0,4,94.71,0.0,5.14,0.0,0.45,0.0,0.2
JEFFERSON - 059037,1073,1004,0,35,0,20,0,21,93.57,0.0,3.26,0.0,1.86,0.0,1.96
JEFFERSON - 059038,1342,1269,0,8,6,64,0,0,94.56,0.0,0.6,0.45,4.77,0.0,0.0
JEFFERSON - 059039,1510,1412,0,90,0,15,0,0,93.51,0.0,5.96,0.0,0.99,0.0,0.0
JEFFERSON - 059040,1585,1549,0,22,0,0,0,15,97.73,0.0,1.39,0.0,0.0,0.0,0.95
JEFFERSON - 059041,1008,934,0,16,0,5,0,41,92.66,0.0,1.59,0.0,0.5,0.0,4.07
JEFFERSON - 059042,1157,1045,11,51,18,4,0,30,90.32,0.95,4.41,1.56,0.35,0.0,2.59
JEFFERSON - 059043,679,610,0,18,0,22,0,19,89.84,0.0,2.65,0.0,3.24,0.0,2.8
JEFFERSON - 059044,959,870,5,68,0,2,0,19,90.72,0.52,7.09,0.0,0.21,0.0,1.98
JEFFERSON - 059045,1010,877,9,114,0,2,0,14,86.83,0.89,11.29,0.0,0.2,0.0,1.39
JEFFERSON - 059046,1188,1114,11,45,0,0,0,16,93.77,0.93,3.79,0.0,0.0,0.0,1.35
JEFFERSON - 059047,1166,1057,0,81,0,38,0,0,90.65,0.0,6.95,0.0,3.26,0.0,0.0
JEFFERSON - 059048,1566,1410,29,88,0,4,0,29,90.04,1.85,5.62,0.0,0.26,0.0,1.85
JEFFERSON - 059049,1057,966,0,38,0,20,0,23,91.39,0.0,3.6,0.0,1.89,0.0,2.18
JEFFERSON - 059050,917,840,0,44,0,14,0,19,91.6,0.0,4.8,0.0,1.53,0.0,2.07
JEFFERSON - 059051,1312,1187,13,87,0,9,0,44,90.47,0.99,6.63,0.0,0.69,0.0,3.35
JEFFERSON - 059052,1581,1575,1,6,0,10,0,10,99.62,0.06,0.38,0.0,0.63,0.0,0.63
JEFFERSON - 059053,1136,978,0,101,0,4,0,9,86.09,0.0,8.89,0.0,0.35,0.0,0.79
JEFFERSON - 059054,1282,1210,0,20,0,5,0,25,94.38,0.0,1.56,0.0,0.39,0.0,1.95
JEFFERSON - 059055,623,578,14,26,0,3,0,4,92.78,2.25,4.17,0.0,0.48,0.0,0.64
JEFFERSON - 059056,1042,992,33,31,0,0,0,11,95.2,3.17,2.98,0.0,0.0,0.0,1.06
JEFFERSON - 059057,1675,1593,0,50,0,0,1,9,95.1,0.0,2.99,0.0,0.0,0.06,0.54
JEFFERSON - 059058,1945,1849,26,32,0,18,0,23,95.06,1.34,1.65,0.0,0.93,0.0,1.18
JEFFERSON - 059059,1401,1238,10,43,21,40,0,46,88.37,0.71,3.07,1.5,2.86,0.0,3.28
JEFFERSON - 059060,600,549,4,9,0,10,0,3,91.5,0.67,1.5,0.0,1.67,0.0,0.5
JEFFERSON - 059061,1239,1069,0,64,0,86,0,21,86.28,0.0,5.17,0.0,6.94,0.0,1.69
JEFFERSON - 059062,1662,1536,0,79,0,9,0,41,92.42,0.0,4.75,0.0,0.54,0.0,2.47
JEFFERSON - 059063,1016,991,0,17,0,0,11,2,97.54,0.0,1.67,0.0,0.0,1.08,0.2
JEFFERSON - 059064,626,623,0,0,0,0,0,0,99.52,0.0,0.0,0.0,0.0,0.0,0.0
JEFFERSON - 059065,1474,1414,0,52,0,13,0,15,95.93,0.0,3.53,0.0,0.88,0.0,1.02
JEFFERSON - 059066,1229,1131,0,61,0,0,0,37,92.03,0.0,4.96,0.0,0.0,0.0,3.01
JEFFERSON - 059067,1324,1217,0,61,0,41,3,15,91.92,0.0,4.61,0.0,3.1,0.23,1.13
JEFFERSON - 059068,816,766,0,15,0,23,0,12,93.87,0.0,1.84,0.0,2.82,0.0,1.47
JEFFERSON - 059069,651,542,21,96,0,0,0,0,83.26,3.23,14.75,0.0,0.0,0.0,0.0
JEFFERSON - 059070,1899,1468,12,317,11,26,7,37,77.3,0.63,16.69,0.58,1.37,0.37,1.95
JEFFERSON - 059071,1656,1440,0,166,9,9,0,18,86.96,0.0,10.02,0.54,0.54,0.0,1.09
JEFFERSON - 059072,2104,1595,98,338,13,61,0,30,75.81,4.66,16.06,0.62,2.9,0.0,1.43
JEFFERSON - 059073,2109,1560,3,406,5,82,6,40,73.97,0.14,19.25,0.24,3.89,0.28,1.9
JEFFERSON - 059074,1895,1532,0,182,0,84,0,74,80.84,0.0,9.6,0.0,4.43,0.0,3.91
JEFFERSON - 059075,2196,1823,0,253,0,63,0,70,83.01,0.0,11.52,0.0,2.87,0.0,3.19
JEFFERSON - 059076,1970,1484,0,389,0,86,0,29,75.33,0.0,19.75,0.0,4.37,0.0,1.47
JEFFERSON - 059077,1674,1625,30,10,9,0,0,0,97.07,1.79,0.6,0.54,0.0,0.0,0.0
JEFFERSON - 059078,1227,1175,4,23,0,11,0,7,95.76,0.33,1.87,0.0,0.9,0.0,0.57
JEFFERSON - 059079,724,678,1,20,0,27,0,7,93.65,0.14,2.76,0.0,3.73,0.0,0.97
JEFFERSON - 059080,1039,1025,0,5,0,10,0,0,98.65,0.0,0.48,0.0,0.96,0.0,0.0
JEFFERSON - 059081,1756,1490,0,201,0,31,0,29,84.85,0.0,11.45,0.0,1.77,0.0,1.65
JEFFERSON - 059082,1385,1008,0,236,0,75,7,50,72.78,0.0,17.04,0.0,5.42,0.51,3.61
JEFFERSON - 059083,731,694,1,28,0,7,0,2,94.94,0.14,3.83,0.0,0.96,0.0,0.27
JEFFERSON - 059084,2217,1930,9,199,7,34,0,40,87.05,0.41,8.98,0.32,1.53,0.0,1.8
JEFFERSON - 059085,2285,1951,0,229,0,47,0,63,85.38,0.0,10.02,0.0,2.06,0.0,2.76
JEFFERSON - 059086,1461,1412,0,8,0,30,0,6,96.65,0.0,0.55,0.0,2.05,0.0,0.41
JEFFERSON - 059087,1064,986,0,13,0,48,0,23,92.67,0.0,1.22,0.0,4.51,0.0,2.16
JEFFERSON - 059088,3039,2484,73,270,29,105,6,60,81.74,2.4,8.88,0.95,3.46,0.2,1.97
JEFFERSON - 059089,1553,1207,94,72,2,35,3,106,77.72,6.05,4.64,0.13,2.25,0.19,6.83
JEFFERSON - 059090,3586,2767,69,567,40,91,7,63,77.16,1.92,15.81,1.12,2.54,0.2,1.76
JEFFERSON - 059091,1679,1428,0,127,6,30,0,15,85.05,0.0,7.56,0.36,1.79,0.0,0.89
JEFFERSON - 059092,1051,982,1,5,0,22,0,35,93.43,0.1,0.48,0.0,2.09,0.0,3.33
JEFFERSON - 059093,1880,1627,5,103,0,100,0,90,86.54,0.27,5.48,0.0,5.32,0.0,4.79
JEFFERSON - 059094,1513,1335,11,58,0,31,0,61,88.24,0.73,3.83,0.0,2.05,0.0,4.03
JEFFERSON - 059095,1541,1377,0,29,0,64,0,50,89.36,0.0,1.88,0.0,4.15,0.0,3.24
JEFFERSON - 059096,155,137,0,10,0,0,0,0,88.39,0.0,6.45,0.0,0.0,0.0,0.0
JEFFERSON - 059097,356,325,0,12,0,9,0,0,91.29,0.0,3.37,0.0,2.53,0.0,0.0
JEFFERSON - 059098,966,849,11,81,0,23,0,0,87.89,1.14,8.39,0.0,2.38,0.0,0.0
JEFFERSON - 059099,1903,1644,9,200,0,18,0,34,86.39,0.47,10.51,0.0,0.95,0.0,1.79
JEFFERSON - 059100,2002,1750,23,147,0,73,0,15,87.41,1.15,7.34,0.0,3.65,0.0,0.75
JEFFERSON - 059101,2312,1848,142,250,0,39,0,26,79.93,6.14,10.81,0.0,1.69,0.0,1.12
JEFFERSON - 059102,1208,1078,0,93,6,5,0,24,89.24,0.0,7.7,0.5,0.41,0.0,1.99
JEFFERSON - 059103,1955,1544,32,260,0,64,0,50,78.98,1.64,13.3,0.0,3.27,0.0,2.56
JEFFERSON - 059104,1317,1163,46,72,0,10,0,57,88.31,3.49,5.47,0.0,0.76,0.0,4.33
JEFFERSON - 059105,1877,1596,60,171,0,13,0,38,85.03,3.2,9.11,0.0,0.69,0.0,2.02
JEFFERSON - 059106,1904,1646,13,203,0,0,0,57,86.45,0.68,10.66,0.0,0.0,0.0,2.99
JEFFERSON - 059107,1619,1428,26,111,0,24,0,28,88.2,1.61,6.86,0.0,1.48,0.0,1.73
JEFFERSON - 059108,1256,1076,17,118,0,44,0,11,85.67,1.35,9.39,0.0,3.5,0.0,0.88
JEFFERSON - 059109,1525,1355,10,116,0,24,0,33,88.85,0.66,7.61,0.0,1.57,0.0,2.16
JEFFERSON - 059110,1634,1451,16,117,0,29,0,23,88.8,0.98,7.16,0.0,1.77,0.0,1.41
JEFFERSON - 059111,1985,1431,13,477,0,9,0,69,72.09,0.65,24.03,0.0,0.45,0.0,3.48
JEFFERSON - 059112,1779,1508,19,160,8,18,0,24,84.77,1.07,8.99,0.45,1.01,0.0,1.35
JEFFERSON - 059113,1649,1468,18,128,0,16,0,8,89.02,1.09,7.76,0.0,0.97,0.0,0.49
JEFFERSON - 059114,1894,1534,9,307,2,22,0,22,80.99,0.48,16.21,0.11,1.16,0.0,1.16
JEFFERSON - 059115,2000,1748,5,137,0,82,0,21,87.4,0.25,6.85,0.0,4.1,0.0,1.05
JEFFERSON - 059116,1429,1251,17,85,5,46,0,16,87.54,1.19,5.95,0.35,3.22,0.0,1.12
JEFFERSON - 059117,1940,1678,8,164,0,72,0,20,86.49,0.41,8.45,0.0,3.71,0.0,1.03
JEFFERSON - 059118,1572,1449,0,113,0,7,0,1,92.18,0.0,7.19,0.0,0.45,0.0,0.06
JEFFERSON - 059119,2639,1793,50,717,0,20,0,53,67.94,1.89,27.17,0.0,0.76,0.0,2.01
JEFFERSON - 059120,2973,2272,4,471,0,72,0,154,76.42,0.13,15.84,0.0,2.42,0.0,5.18
JEFFERSON - 059121,1709,1444,22,191,0,9,0,40,84.49,1.29,11.18,0.0,0.53,0.0,2.34
JEFFERSON - 059122,2603,2080,0,407,0,13,0,70,79.91,0.0,15.64,0.0,0.5,0.0,2.69
JEFFERSON - 059123,2009,1678,0,279,0,12,0,32,83.52,0.0,13.89,0.0,0.6,0.0,1.59
JEFFERSON - 059124,2250,1994,18,165,0,8,0,71,88.62,0.8,7.33,0.0,0.36,0.0,3.16
JEFFERSON - 059125,1589,1210,34,267,0,23,0,28,76.15,2.14,16.8,0.0,1.45,0.0,1.76
JEFFERSON - 059126,3531,3034,23,362,0,86,0,61,85.92,0.65,10.25,0.0,2.44,0.0,1.73
JEFFERSON - 059127,1949,1691,0,189,0,38,0,47,86.76,0.0,9.7,0.0,1.95,0.0,2.41
JEFFERSON - 059128,3708,2620,70,545,8,343,0,144,70.66,1.89,14.7,0.22,9.25,0.0,3.88
JEFFERSON - 059129,1435,1273,1,138,0,17,0,21,88.71,0.07,9.62,0.0,1.18,0.0,1.46
JEFFERSON - 059130,1378,1184,0,138,0,23,0,27,85.92,0.0,10.01,0.0,1.67,0.0,1.96
JEFFERSON - 059131,1530,1304,0,161,0,19,0,36,85.23,0.0,10.52,0.0,1.24,0.0,2.35
JEFFERSON - 059132,1316,1063,14,118,0,77,0,44,80.78,1.06,8.97,0.0,5.85,0.0,3.34
JEFFERSON - 059133,3019,2258,67,435,0,55,0,255,74.79,2.22,14.41,0.0,1.82,0.0,8.45
JEFFERSON - 059134,1412,1079,9,292,0,0,0,25,76.42,0.64,20.68,0.0,0.0,0.0,1.77
JEFFERSON - 059135,923,688,42,183,0,10,0,0,74.54,4.55,19.83,0.0,1.08,0.0,0.0
JEFFERSON - 059136,2072,1844,0,146,0,15,0,62,89.0,0.0,7.05,0.0,0.72,0.0,2.99
JEFFERSON - 059137,2175,1351,108,372,0,194,0,152,62.11,4.97,17.1,0.0,8.92,0.0,6.99
JEFFERSON - 059138,1255,1094,8,95,9,34,0,18,87.17,0.64,7.57,0.72,2.71,0.0,1.43
JEFFERSON - 059139,1841,1432,23,218,0,34,0,51,77.78,1.25,11.84,0.0,1.85,0.0,2.77
JEFFERSON - 059140,1223,997,28,139,21,9,0,30,81.52,2.29,11.37,1.72,0.74,0.0,2.45
JEFFERSON - 059141,2258,1773,36,344,0,37,0,73,78.52,1.59,15.23,0.0,1.64,0.0,3.23
JEFFERSON - 059142,3061,2149,40,628,0,225,0,24,70.21,1.31,20.52,0.0,7.35,0.0,0.78
JEFFERSON - 059143,1859,1466,0,226,11,139,0,16,78.86,0.0,12.16,0.59,7.48,0.0,0.86
JEFFERSON - 059144,1403,1085,6,211,2,81,0,31,77.33,0.43,15.04,0.14,5.77,0.0,2.21
JEFFERSON - 059145,1679,1288,14,232,24,57,0,62,76.71,0.83,13.82,1.43,3.39,0.0,3.69
JEFFERSON - 059146,3852,2987,0,702,0,40,0,109,77.54,0.0,18.22,0.0,1.04,0.0,2.83
JEFFERSON - 059147,2221,1723,14,370,0,36,0,71,77.58,0.63,16.66,0.0,1.62,0.0,3.2
JEFFERSON - 059148,2221,1511,52,570,0,30,0,85,68.03,2.34,25.66,0.0,1.35,0.0,3.83
JEFFERSON - 059149,2288,1530,59,560,0,43,0,90,66.87,2.58,24.48,0.0,1.88,0.0,3.93
JEFFERSON - 059150,1494,1195,0,202,0,39,0,52,79.99,0.0,13.52,0.0,2.61,0.0,3.48
JEFFERSON - 059151,2237,1975,7,239,0,17,0,13,88.29,0.31,10.68,0.0,0.76,0.0,0.58
JEFFERSON - 059152,1580,1311,20,113,0,148,0,9,82.97,1.27,7.15,0.0,9.37,0.0,0.57
JEFFERSON - 059153,2345,1615,91,448,0,172,0,50,68.87,3.88,19.1,0.0,7.33,0.0,2.13
JEFFERSON - 059154,2279,1370,11,799,14,33,0,52,60.11,0.48,35.06,0.61,1.45,0.0,2.28
JEFFERSON - 059155,1972,1401,18,447,0,38,28,9,71.04,0.91,22.67,0.0,1.93,1.42,0.46
JEFFERSON - 059156,1503,1127,16,286,0,53,0,21,74.98,1.06,19.03,0.0,3.53,0.0,1.4
JEFFERSON - 059157,1837,1547,0,270,0,0,0,20,84.21,0.0,14.7,0.0,0.0,0.0,1.09
JEFFERSON - 059158,2413,1659,81,394,132,123,2,80,68.75,3.36,16.33,5.47,5.1,0.08,3.32
JEFFERSON - 059159,2145,1432,7,523,0,116,0,60,66.76,0.33,24.38,0.0,5.41,0.0,2.8
JEFFERSON - 059160,2548,1789,58,662,6,11,0,22,70.21,2.28,25.98,0.24,0.43,0.0,0.86
JEFFERSON - 059161,1105,929,33,81,0,0,0,65,84.07,2.99,7.33,0.0,0.0,0.0,5.88
JEFFERSON - 059162,1518,1223,14,201,24,7,0,41,80.57,0.92,13.24,1.58,0.46,0.0,2.7
JEFFERSON - 059163,2072,1858,10,126,6,9,27,44,89.67,0.48,6.08,0.29,0.43,1.3,2.12
JEFFERSON - 059164,1931,1800,8,126,0,7,0,0,93.22,0.41,6.53,0.0,0.36,0.0,0.0
JEFFERSON - 059165,1797,1604,0,170,0,9,0,11,89.26,0.0,9.46,0.0,0.5,0.0,0.61
JEFFERSON - 059166,2065,1924,41,57,12,33,0,5,93.17,1.99,2.76,0.58,1.6,0.0,0.24
JEFFERSON - 059167,1576,1337,22,184,0,16,0,25,84.84,1.4,11.68,0.0,1.02,0.0,1.59
JEFFERSON - 059168,1172,899,0,218,0,30,0,25,76.71,0.0,18.6,0.0,2.56,0.0,2.13
JEFFERSON - 059169,999,822,0,110,0,13,0,52,82.28,0.0,11.01,0.0,1.3,0.0,5.21
JEFFERSON - 059170,1463,1115,0,249,13,30,0,33,76.21,0.0,17.02,0.89,2.05,0.0,2.26
JEFFERSON - 059171,1897,1564,0,238,5,21,0,88,82.45,0.0,12.55,0.26,1.11,0.0,4.64
JEFFERSON - 059172,1918,1660,40,178,0,15,0,29,86.55,2.09,9.28,0.0,0.78,0.0,1.51
JEFFERSON - 059173,2602,2021,0,465,0,22,0,93,77.67,0.0,17.87,0.0,0.85,0.0,3.57
JEFFERSON - 059174,1667,1341,0,255,0,18,2,40,80.44,0.0,15.3,0.0,1.08,0.12,2.4
JEFFERSON - 059175,1987,1626,16,233,0,35,5,82,81.83,0.81,11.73,0.0,1.76,0.25,4.13
JEFFERSON - 059176,1435,1259,0,134,0,14,0,9,87.74,0.0,9.34,0.0,0.98,0.0,0.63
JEFFERSON - 059177,1852,1499,27,264,0,59,0,16,80.94,1.46,14.25,0.0,3.19,0.0,0.86
JEFFERSON - 059178,2282,1879,31,212,31,24,0,122,82.34,1.36,9.29,1.36,1.05,0.0,5.35
JEFFERSON - 059179,2299,1870,4,199,3,44,0,178,81.34,0.17,8.66,0.13,1.91,0.0,7.74
JEFFERSON - 059180,1922,1475,34,184,0,41,0,180,76.74,1.77,9.57,0.0,2.13,0.0,9.37
JEFFERSON - 059181,1864,1380,50,389,0,15,0,9,74.03,2.68,20.87,0.0,0.8,0.0,0.48
JEFFERSON - 059182,2253,2005,16,114,0,44,0,83,88.99,0.71,5.06,0.0,1.95,0.0,3.68
JEFFERSON - 059183,1264,1189,11,35,0,9,0,14,94.07,0.87,2.77,0.0,0.71,0.0,1.11
JEFFERSON - 059184,2264,2068,6,186,8,4,0,0,91.34,0.27,8.22,0.35,0.18,0.0,0.0
JEFFERSON - 059185,1665,1370,12,138,22,95,0,28,82.28,0.72,8.29,1.32,5.71,0.0,1.68
JEFFERSON - 059186,2190,1767,8,259,9,78,0,86,80.68,0.37,11.83,0.41,3.56,0.0,3.93
JEFFERSON - 059187,1058,924,8,34,0,22,0,46,87.33,0.76,3.21,0.0,2.08,0.0,4.35
JEFFERSON - 059188,1660,1344,32,246,0,0,0,46,80.96,1.93,14.82,0.0,0.0,0.0,2.77
JEFFERSON - 059189,2353,1750,149,436,3,0,0,15,74.37,6.33,18.53,0.13,0.0,0.0,0.64
JEFFERSON - 059190,1150,912,38,157,0,26,0,17,79.3,3.3,13.65,0.0,2.26,0.0,1.48
JEFFERSON - 059191,2637,2094,0,450,0,26,0,62,79.41,0.0,17.06,0.0,0.99,0.0,2.35
JEFFERSON - 059192,1811,1446,62,154,40,47,0,54,79.85,3.42,8.5,2.21,2.6,0.0,2.98
JEFFERSON - 059193,1521,1169,0,281,0,18,16,30,76.86,0.0,18.47,0.0,1.18,1.05,1.97
JEFFERSON - 059194,2682,1912,0,749,0,20,0,37,71.29,0.0,27.93,0.0,0.75,0.0,1.38
JEFFERSON - 059195,2586,1715,3,819,0,12,0,114,66.32,0.12,31.67,0.0,0.46,0.0,4.41
JEFFERSON - 059196,1824,1533,0,203,18,68,0,3,84.05,0.0,11.13,0.99,3.73,0.0,0.16
JEFFERSON - 059197,1373,1192,14,153,0,0,0,6,86.82,1.02,11.14,0.0,0.0,0.0,0.44
JEFFERSON - 059198,3324,2320,4,800,0,50,0,46,69.8,0.12,24.07,0.0,1.5,0.0,1.38
JEFFERSON - 059199,1530,1360,10,117,5,23,0,2,88.89,0.65,7.65,0.33,1.5,0.0,0.13
JEFFERSON - 059200,2289,1625,82,411,2,111,0,75,70.99,3.58,17.96,0.09,4.85,0.0,3.28
JEFFERSON - 059201,1961,1748,0,207,0,8,0,13,89.14,0.0,10.56,0.0,0.41,0.0,0.66
JEFFERSON - 059202,1203,1096,0,45,0,24,0,30,91.11,0.0,3.74,0.0,2.0,0.0,2.49
JEFFERSON - 059203,632,460,37,115,0,19,0,4,72.78,5.85,18.2,0.0,3.01,0.0,0.63
JEFFERSON - 059204,1517,1413,0,45,6,20,0,36,93.14,0.0,2.97,0.4,1.32,0.0,2.37
JEFFERSON - 059205,1752,1505,0,169,0,57,0,22,85.9,0.0,9.65,0.0,3.25,0.0,1.26
JEFFERSON - 059206,1082,1030,0,40,0,17,0,1,95.19,0.0,3.7,0.0,1.57,0.0,0.09
JEFFERSON - 059207,1536,1421,0,36,0,43,0,52,92.51,0.0,2.34,0.0,2.8,0.0,3.39
JEFFERSON - 059208,1628,1503,0,60,0,34,0,20,92.32,0.0,3.69,0.0,2.09,0.0,1.23
JEFFERSON - 059209,1626,1409,0,177,6,0,0,24,86.65,0.0,10.89,0.37,0.0,0.0,1.48
JEFFERSON - 059210,2776,2399,0,292,0,45,0,48,86.42,0.0,10.52,0.0,1.62,0.0,1.73
JEFFERSON - 059211,7892,6909,0,529,45,303,0,111,87.54,0.0,6.7,0.57,3.84,0.0,1.41
JEFFERSON - 059212,1835,1639,0,63,0,92,0,20,89.32,0.0,3.43,0.0,5.01,0.0,1.09
JEFFERSON - 059213,1549,1240,0,99,0,171,0,22,80.05,0.0,6.39,0.0,11.04,0.0,1.42
JEFFERSON - 059214,1970,1742,60,111,0,84,0,24,88.43,3.05,5.63,0.0,4.26,0.0,1.22
JEFFERSON - 059215,3001,2427,16,431,0,81,0,59,80.87,0.53,14.36,0.0,2.7,0.0,1.97
JEFFERSON - 059216,1919,1461,11,318,0,73,4,32,76.13,0.57,16.57,0.0,3.8,0.21,1.67
JEFFERSON - 059217,1498,1048,0,282,0,148,0,39,69.96,0.0,18.83,0.0,9.88,0.0,2.6
JEFFERSON - 059218,1850,1766,0,70,3,12,0,8,95.46,0.0,3.78,0.16,0.65,0.0,0.43
JEFFERSON - 059219,919,736,20,101,0,15,25,23,80.09,2.18,10.99,0.0,1.63,2.72,2.5
JEFFERSON - 059220,1473,922,23,419,14,44,0,79,62.59,1.56,28.45,0.95,2.99,0.0,5.36
JEFFERSON - 059221,1844,1539,0,241,0,25,0,47,83.46,0.0,13.07,0.0,1.36,0.0,2.55
JEFFERSON - 059222,1946,1406,10,295,55,58,0,95,72.25,0.51,15.16,2.83,2.98,0.0,4.88
JEFFERSON - 059223,1555,1301,0,174,0,12,79,16,83.67,0.0,11.19,0.0,0.77,5.08,1.03
JEFFERSON - 059224,2161,1372,43,592,5,29,0,120,63.49,1.99,27.39,0.23,1.34,0.0,5.55
JEFFERSON - 059225,1917,1496,37,275,2,75,0,45,78.04,1.93,14.35,0.1,3.91,0.0,2.35
JEFFERSON - 059226,3784,2243,60,1194,9,29,0,236,59.28,1.59,31.55,0.24,0.77,0.0,6.24
JEFFERSON - 059227,3649,2364,55,952,59,60,0,164,64.78,1.51,26.09,1.62,1.64,0.0,4.49
JEFFERSON - 059228,2112,1394,0,322,0,280,0,116,66.0,0.0,15.25,0.0,13.26,0.0,5.49
JEFFERSON - 059229,2380,1749,0,556,0,12,0,63,73.49,0.0,23.36,0.0,0.5,0.0,2.65
JEFFERSON - 059230,1711,1175,0,421,0,23,0,75,68.67,0.0,24.61,0.0,1.34,0.0,4.38
JEFFERSON - 059231,2548,1485,39,868,0,18,0,90,58.28,1.53,34.07,0.0,0.71,0.0,3.53
JEFFERSON - 059232,2923,2177,114,454,96,74,0,2,74.48,3.9,15.53,3.28,2.53,0.0,0.07
JEFFERSON - 059233,1873,1442,0,204,0,136,0,44,76.99,0.0,10.89,0.0,7.26,0.0,2.35
JEFFERSON - 059234,1390,790,120,251,18,154,0,104,56.83,8.63,18.06,1.29,11.08,0.0,7.48
JEFFERSON - 059235,1686,1505,47,124,0,3,0,0,89.26,2.79,7.35,0.0,0.18,0.0,0.0
JEFFERSON - 059236,1778,1335,16,406,0,20,0,0,75.08,0.9,22.83,0.0,1.12,0.0,0.0
JEFFERSON - 059237,2037,1630,13,378,0,13,0,11,80.02,0.64,18.56,0.0,0.64,0.0,0.54
JEFFERSON - 059238,2213,1635,19,341,0,61,0,135,73.88,0.86,15.41,0.0,2.76,0.0,6.1
JEFFERSON - 059239,2152,1464,24,595,22,25,0,19,68.03,1.12,27.65,1.02,1.16,0.0,0.88
JEFFERSON - 059240,1849,1481,28,301,0,16,0,37,80.1,1.51,16.28,0.0,0.87,0.0,2.0
JEFFERSON - 059241,2345,1404,76,711,13,69,31,5,59.87,3.24,30.32,0.55,2.94,1.32,0.21
JEFFERSON - 059242,1675,1002,19,630,0,25,0,31,59.82,1.13,37.61,0.0,1.49,0.0,1.85
JEFFERSON - 059243,1355,819,6,293,0,268,0,3,60.44,0.44,21.62,0.0,19.78,0.0,0.22
JEFFERSON - 059244,1851,1175,31,558,0,31,0,22,63.48,1.67,30.15,0.0,1.67,0.0,1.19
JEFFERSON - 059245,2664,1802,45,665,0,44,0,124,67.64,1.69,24.96,0.0,1.65,0.0,4.65
JEFFERSON - 059246,1308,954,0,286,0,61,0,10,72.94,0.0,21.87,0.0,4.66,0.0,0.76
JEFFERSON - 059247,2146,1422,0,593,0,37,0,53,66.26,0.0,27.63,0.0,1.72,0.0,2.47
JEFFERSON - 059248,2371,1291,1,918,0,92,0,70,54.45,0.04,38.72,0.0,3.88,0.0,2.95
JEFFERSON - 059249,2826,1946,261,586,0,5,0,39,68.86,9.24,20.74,0.0,0.18,0.0,1.38
JEFFERSON - 059250,1319,1081,0,227,0,8,0,0,81.96,0.0,17.21,0.0,0.61,0.0,0.0
JEFFERSON - 059251,2668,1981,3,491,0,144,0,62,74.25,0.11,18.4,0.0,5.4,0.0,2.32
JEFFERSON - 059252,2381,1604,0,490,10,216,0,65,67.37,0.0,20.58,0.42,9.07,0.0,2.73
JEFFERSON - 059253,2251,1841,19,321,9,37,0,28,81.79,0.84,14.26,0.4,1.64,0.0,1.24
JEFFERSON - 059254,1669,1348,0,276,0,22,0,19,80.77,0.0,16.54,0.0,1.32,0.0,1.14
JEFFERSON - 059255,1510,990,68,347,0,76,0,33,65.56,4.5,22.98,0.0,5.03,0.0,2.19
JEFFERSON - 059256,2098,1602,0,444,1,0,0,47,76.36,0.0,21.16,0.05,0.0,0.0,2.24
JEFFERSON - 059257,2527,1987,54,294,1,67,0,123,78.63,2.14,11.63,0.04,2.65,0.0,4.87
JEFFERSON - 059258,2023,1485,22,307,0,201,0,17,73.41,1.09,15.18,0.0,9.94,0.0,0.84
KIOWA - 061001,202,179,0,11,0,0,0,0,88.61,0.0,5.45,0.0,0.0,0.0,0.0
KIOWA - 061002,313,266,0,34,0,10,0,10,84.98,0.0,10.86,0.0,3.19,0.0,3.19
KIOWA - 061003,420,385,0,31,0,10,0,4,91.67,0.0,7.38,0.0,2.38,0.0,0.95
KIOWA - 061004,82,76,0,1,0,0,0,0,92.68,0.0,1.22,0.0,0.0,0.0,0.0
KIT CARSON - 063001,572,470,0,107,0,0,0,0,82.17,0.0,18.71,0.0,0.0,0.0,0.0
KIT CARSON - 063002,459,320,0,116,0,0,0,6,69.72,0.0,25.27,0.0,0.0,0.0,1.31
KIT CARSON - 063003,429,317,0,78,0,0,0,43,73.89,0.0,18.18,0.0,0.0,0.0,10.02
KIT CARSON - 063004,481,425,0,49,0,0,0,1,88.36,0.0,10.19,0.0,0.0,0.0,0.21
KIT CARSON - 063005,498,395,0,67,20,0,0,20,79.32,0.0,13.45,4.02,0.0,0.0,4.02
KIT CARSON - 063006,342,279,0,55,0,0,0,8,81.58,0.0,16.08,0.0,0.0,0.0,2.34
KIT CARSON - 063007,320,266,0,29,11,12,0,8,83.12,0.0,9.06,3.44,3.75,0.0,2.5
KIT CARSON - 063008,329,278,0,34,1,0,0,16,84.5,0.0,10.33,0.3,0.0,0.0,4.86
KIT CARSON - 063009,436,372,0,57,4,0,0,6,85.32,0.0,13.07,0.92,0.0,0.0,1.38
KIT CARSON - 063010,185,158,0,17,2,0,0,3,85.41,0.0,9.19,1.08,0.0,0.0,1.62
KIT CARSON - 063011,281,277,0,9,3,0,0,0,98.58,0.0,3.2,1.07,0.0,0.0,0.0
KIT CARSON - 063012,261,239,0,9,0,0,0,0,91.57,0.0,3.45,0.0,0.0,0.0,0.0
KIT CARSON - 063013,363,361,0,8,0,0,0,0,99.45,0.0,2.2,0.0,0.0,0.0,0.0
LA PLATA - 067001,1180,878,0,147,83,0,0,71,74.41,0.0,12.46,7.03,0.0,0.0,6.02
LA PLATA - 067002,1276,1105,0,61,105,0,0,0,86.6,0.0,4.78,8.23,0.0,0.0,0.0
LA PLATA - 067003,1553,1384,12,103,34,4,0,20,89.12,0.77,6.63,2.19,0.26,0.0,1.29
LA PLATA - 067004,1674,1486,11,86,49,21,0,33,88.77,0.66,5.14,2.93,1.25,0.0,1.97
LA PLATA - 067005,1609,1396,13,94,7,63,0,28,86.76,0.81,5.84,0.44,3.92,0.0,1.74
LA PLATA - 067006,568,444,0,84,14,0,0,14,78.17,0.0,14.79,2.46,0.0,0.0,2.46
LA PLATA - 067007,1853,1567,0,60,133,25,0,66,84.57,0.0,3.24,7.18,1.35,0.0,3.56
LA PLATA - 067008,2037,1569,2,175,218,0,0,230,77.03,0.1,8.59,10.7,0.0,0.0,11.29
LA PLATA - 067009,460,378,4,33,22,7,0,8,82.17,0.87,7.17,4.78,1.52,0.0,1.74
LA PLATA - 067010,887,836,0,45,8,0,0,2,94.25,0.0,5.07,0.9,0.0,0.0,0.23
LA PLATA - 067011,1765,1530,0,118,57,18,0,46,86.69,0.0,6.69,3.23,1.02,0.0,2.61
LA PLATA - 067012,1372,1248,0,85,8,0,0,23,90.96,0.0,6.2,0.58,0.0,0.0,1.68
LA PLATA - 067013,1297,1093,0,110,30,0,0,38,84.27,0.0,8.48,2.31,0.0,0.0,2.93
LA PLATA - 067014,1191,1080,2,95,4,0,0,3,90.68,0.17,7.98,0.34,0.0,0.0,0.25
LA PLATA - 067015,970,871,0,49,49,0,0,0,89.79,0.0,5.05,5.05,0.0,0.0,0.0
LA PLATA - 067016,2053,1717,0,243,48,0,0,8,83.63,0.0,11.84,2.34,0.0,0.0,0.39
LA PLATA - 067017,1800,1659,0,50,73,0,0,30,92.17,0.0,2.78,4.06,0.0,0.0,1.67
LA PLATA - 067018,1027,850,0,158,1,0,0,15,82.77,0.0,15.38,0.1,0.0,0.0,1.46
LA PLATA - 067019,1264,1071,0,189,3,0,0,4,84.73,0.0,14.95,0.24,0.0,0.0,0.32
LA PLATA - 067020,1724,1417,0,242,43,0,0,14,82.19,0.0,14.04,2.49,0.0,0.0,0.81
LA PLATA - 067021,1229,973,0,196,26,7,0,33,79.17,0.0,15.95,2.12,0.57,0.0,2.69
LA PLATA - 067022,1496,1199,0,222,43,8,0,29,80.15,0.0,14.84,2.87,0.53,0.0,1.94
LA PLATA - 067023,1995,1279,0,305,343,1,0,38,64.11,0.0,15.29,17.19,0.05,0.0,1.9
LA PLATA - 067024,645,305,0,261,93,7,0,10,47.29,0.0,40.47,14.42,1.09,0.0,1.55
LA PLATA - 067025,1434,827,0,239,327,2,0,40,57.67,0.0,16.67,22.8,0.14,0.0,2.79
LA PLATA - 067026,1460,1332,0,95,0,11,0,30,91.23,0.0,6.51,0.0,0.75,0.0,2.05
LA PLATA - 067027,419,353,8,50,6,0,0,0,84.25,1.91,11.93,1.43,0.0,0.0,0.0
LA PLATA - 067028,1611,1524,0,66,1,25,0,4,94.6,0.0,4.1,0.06,1.55,0.0,0.25
LA PLATA - 067029,1966,1656,0,207,33,40,0,20,84.23,0.0,10.53,1.68,2.03,0.0,1.02
LA PLATA - 067030,3055,2180,45,322,214,0,0,163,71.36,1.47,10.54,7.0,0.0,0.0,5.34
LA PLATA - 067031,934,699,4,137,86,0,0,10,74.84,0.43,14.67,9.21,0.0,0.0,1.07
LA PLATA - 067032,1981,1612,5,259,29,68,0,48,81.37,0.25,13.07,1.46,3.43,0.0,2.42
LAKE - 065001,822,553,0,239,0,0,0,7,67.27,0.0,29.08,0.0,0.0,0.0,0.85
LAKE - 065002,515,464,0,51,0,0,0,20,90.1,0.0,9.9,0.0,0.0,0.0,3.88
LAKE - 065003,954,729,0,203,0,1,0,102,76.42,0.0,21.28,0.0,0.1,0.0,10.69
LAKE - 065004,1053,773,0,191,5,0,0,59,73.41,0.0,18.14,0.47,0.0,0.0,5.6
LAKE - 065005,817,549,0,167,0,6,0,20,67.2,0.0,20.44,0.0,0.73,0.0,2.45
LAKE - 065006,1175,877,0,270,0,0,0,50,74.64,0.0,22.98,0.0,0.0,0.0,4.26
LARIMER - 069101,1282,705,9,535,0,20,0,38,54.99,0.7,41.73,0.0,1.56,0.0,2.96
LARIMER - 069102,252,257,0,4,0,0,0,0,101.98,0.0,1.59,0.0,0.0,0.0,0.0
LARIMER - 069201,1494,1107,11,349,0,10,0,12,74.1,0.74,23.36,0.0,0.67,0.0,0.8
LARIMER - 069202,1822,1442,19,266,0,2,0,68,79.14,1.04,14.6,0.0,0.11,0.0,3.73
LARIMER - 069203,1558,1383,0,126,0,14,0,45,88.77,0.0,8.09,0.0,0.9,0.0,2.89
LARIMER - 069204,1710,1317,0,298,0,11,0,83,77.02,0.0,17.43,0.0,0.64,0.0,4.85
LARIMER - 069205,2170,1882,65,148,3,25,0,51,86.73,3.0,6.82,0.14,1.15,0.0,2.35
LARIMER - 069206,1620,1451,35,65,4,19,0,30,89.57,2.16,4.01,0.25,1.17,0.0,1.85
LARIMER - 069207,1199,1111,14,39,0,0,0,37,92.66,1.17,3.25,0.0,0.0,0.0,3.09
LARIMER - 069208,1852,1707,0,93,4,1,0,45,92.17,0.0,5.02,0.22,0.05,0.0,2.43
LARIMER - 069209,1390,1241,0,90,12,4,0,37,89.28,0.0,6.47,0.86,0.29,0.0,2.66
LARIMER - 069210,1580,1384,7,157,0,15,0,15,87.59,0.44,9.94,0.0,0.95,0.0,0.95
LARIMER - 069211,1815,1548,15,159,17,58,0,30,85.29,0.83,8.76,0.94,3.2,0.0,1.65
LARIMER - 069212,1531,1362,2,82,0,48,0,30,88.96,0.13,5.36,0.0,3.14,0.0,1.96
LARIMER - 069213,1362,1018,70,182,0,44,0,48,74.74,5.14,13.36,0.0,3.23,0.0,3.52
LARIMER - 069214,1132,982,0,102,0,37,0,18,86.75,0.0,9.01,0.0,3.27,0.0,1.59
LARIMER - 069215,1364,921,66,396,0,0,0,7,67.52,4.84,29.03,0.0,0.0,0.0,0.51
LARIMER - 069216,1206,983,4,153,0,27,0,13,81.51,0.33,12.69,0.0,2.24,0.0,1.08
LARIMER - 069217,1445,1219,22,165,15,10,0,12,84.36,1.52,11.42,1.04,0.69,0.0,0.83
LARIMER - 069218,1525,1209,10,264,0,12,0,30,79.28,0.66,17.31,0.0,0.79,0.0,1.97
LARIMER - 069219,1098,917,0,111,25,25,0,32,83.52,0.0,10.11,2.28,2.28,0.0,2.91
LARIMER - 069220,1268,1060,11,157,0,11,0,31,83.6,0.87,12.38,0.0,0.87,0.0,2.44
LARIMER - 069221,2185,1919,16,135,0,48,0,67,87.83,0.73,6.18,0.0,2.2,0.0,3.07
LARIMER - 069222,780,688,20,23,0,22,47,0,88.21,2.56,2.95,0.0,2.82,6.03,0.0
LARIMER - 069223,1392,1091,11,190,0,74,0,26,78.38,0.79,13.65,0.0,5.32,0.0,1.87
LARIMER - 069224,1180,1058,100,19,0,8,0,34,89.66,8.47,1.61,0.0,0.68,0.0,2.88
LARIMER - 069225,1599,1351,0,52,0,112,0,55,84.49,0.0,3.25,0.0,7.0,0.0,3.44
LARIMER - 069226,1464,1256,0,145,0,0,0,36,85.79,0.0,9.9,0.0,0.0,0.0,2.46
LARIMER - 069227,963,593,1,212,0,154,0,7,61.58,0.1,22.01,0.0,15.99,0.0,0.73
LARIMER - 069228,1466,1250,0,69,0,111,0,32,85.27,0.0,4.71,0.0,7.57,0.0,2.18
LARIMER - 069229,1462,1132,59,209,0,35,0,27,77.43,4.04,14.3,0.0,2.39,0.0,1.85
LARIMER - 069230,1034,1023,0,8,0,0,0,0,98.94,0.0,0.77,0.0,0.0,0.0,0.0
LARIMER - 069231,1313,1184,0,19,0,10,47,46,90.18,0.0,1.45,0.0,0.76,3.58,3.5
LARIMER - 069232,1386,1315,0,50,0,0,0,39,94.88,0.0,3.61,0.0,0.0,0.0,2.81
LARIMER - 069233,1448,1321,0,94,0,3,0,17,91.23,0.0,6.49,0.0,0.21,0.0,1.17
LARIMER - 069234,1957,1752,0,102,5,52,0,52,89.52,0.0,5.21,0.26,2.66,0.0,2.66
LARIMER - 069235,2387,1731,13,464,0,85,0,65,72.52,0.54,19.44,0.0,3.56,0.0,2.72
LARIMER - 069236,855,710,30,58,0,49,1,4,83.04,3.51,6.78,0.0,5.73,0.12,0.47
LARIMER - 069237,1335,1239,8,24,14,27,0,42,92.81,0.6,1.8,1.05,2.02,0.0,3.15
LARIMER - 069238,1235,1115,43,61,0,1,0,28,90.28,3.48,4.94,0.0,0.08,0.0,2.27
LARIMER - 069239,3217,2662,92,279,4,76,0,100,82.75,2.86,8.67,0.12,2.36,0.0,3.11
LARIMER - 069240,2522,1858,42,423,33,73,0,63,73.67,1.67,16.77,1.31,2.89,0.0,2.5
LARIMER - 069241,1217,948,0,154,0,34,0,69,77.9,0.0,12.65,0.0,2.79,0.0,5.67
LARIMER - 069242,2450,1737,41,502,0,116,0,82,70.9,1.67,20.49,0.0,4.73,0.0,3.35
LARIMER - 069243,1133,911,86,84,0,62,0,7,80.41,7.59,7.41,0.0,5.47,0.0,0.62
LARIMER - 069244,1143,1111,0,62,3,4,0,2,97.2,0.0,5.42,0.26,0.35,0.0,0.17
LARIMER - 069245,900,738,6,120,0,14,0,7,82.0,0.67,13.33,0.0,1.56,0.0,0.78
LARIMER - 069246,1408,1089,0,242,10,44,0,7,77.34,0.0,17.19,0.71,3.12,0.0,0.5
LARIMER - 069247,1233,1048,28,105,0,3,0,66,85.0,2.27,8.52,0.0,0.24,0.0,5.35
LARIMER - 069301,1308,1054,62,147,0,0,0,42,80.58,4.74,11.24,0.0,0.0,0.0,3.21
LARIMER - 069302,1728,1596,0,77,0,27,0,33,92.36,0.0,4.46,0.0,1.56,0.0,1.91
LARIMER - 069303,1441,1170,69,120,9,0,0,63,81.19,4.79,8.33,0.62,0.0,0.0,4.37
LARIMER - 069304,1215,1152,18,46,0,6,0,12,94.81,1.48,3.79,0.0,0.49,0.0,0.99
LARIMER - 069305,1644,1315,8,217,0,47,0,68,79.99,0.49,13.2,0.0,2.86,0.0,4.14
LARIMER - 069306,1369,980,0,267,6,76,0,26,71.59,0.0,19.5,0.44,5.55,0.0,1.9
LARIMER - 069307,2474,1856,54,333,0,86,5,120,75.02,2.18,13.46,0.0,3.48,0.2,4.85
LARIMER - 069308,2919,2523,8,229,30,69,29,31,86.43,0.27,7.85,1.03,2.36,0.99,1.06
LARIMER - 069309,2848,2005,114,507,34,117,0,73,70.4,4.0,17.8,1.19,4.11,0.0,2.56
LARIMER - 069310,1549,1183,0,153,0,69,0,145,76.37,0.0,9.88,0.0,4.45,0.0,9.36
LARIMER - 069311,1062,883,0,60,0,26,0,89,83.15,0.0,5.65,0.0,2.45,0.0,8.38
LARIMER - 069312,2329,1953,0,206,1,11,9,140,83.86,0.0,8.84,0.04,0.47,0.39,6.01
LARIMER - 069313,1504,1221,12,247,0,42,0,0,81.18,0.8,16.42,0.0,2.79,0.0,0.0
LARIMER - 069314,1253,1152,9,63,0,8,0,0,91.94,0.72,5.03,0.0,0.64,0.0,0.0
LARIMER - 069315,1944,1647,25,224,0,17,0,17,84.72,1.29,11.52,0.0,0.87,0.0,0.87
LARIMER - 069316,797,666,0,63,0,0,0,74,83.56,0.0,7.9,0.0,0.0,0.0,9.28
LARIMER - 069317,1212,1139,3,50,0,1,0,12,93.98,0.25,4.13,0.0,0.08,0.0,0.99
LARIMER - 069318,1669,1430,13,172,0,0,0,52,85.68,0.78,10.31,0.0,0.0,0.0,3.12
LARIMER - 069319,1118,910,1,137,0,15,7,22,81.4,0.09,12.25,0.0,1.34,0.63,1.97
LARIMER - 069320,905,809,0,86,8,1,3,13,89.39,0.0,9.5,0.88,0.11,0.33,1.44
LARIMER - 069321,1967,1564,13,207,31,58,18,87,79.51,0.66,10.52,1.58,2.95,0.92,4.42
LARIMER - 069322,1696,1340,0,311,0,0,0,21,79.01,0.0,18.34,0.0,0.0,0.0,1.24
LARIMER - 069323,1447,1133,0,153,0,108,0,67,78.3,0.0,10.57,0.0,7.46,0.0,4.63
LARIMER - 069324,1484,1309,32,30,0,54,0,53,88.21,2.16,2.02,0.0,3.64,0.0,3.57
LARIMER - 069325,1797,1587,0,150,7,22,0,22,88.31,0.0,8.35,0.39,1.22,0.0,1.22
LARIMER - 069326,1352,973,27,317,0,0,0,40,71.97,2.0,23.45,0.0,0.0,0.0,2.96
LARIMER - 069327,1207,1060,0,71,0,35,9,26,87.82,0.0,5.88,0.0,2.9,0.75,2.15
LARIMER - 069328,1335,1248,9,50,0,4,0,26,93.48,0.67,3.75,0.0,0.3,0.0,1.95
LARIMER - 069329,1128,1004,0,58,1,5,0,85,89.01,0.0,5.14,0.09,0.44,0.0,7.54
LARIMER - 069330,1470,1266,0,64,0,22,5,183,86.12,0.0,4.35,0.0,1.5,0.34,12.45
LARIMER - 069331,978,797,0,67,0,18,10,25,81.49,0.0,6.85,0.0,1.84,1.02,2.56
LARIMER - 069332,1413,1074,0,295,0,29,0,8,76.01,0.0,20.88,0.0,2.05,0.0,0.57
LARIMER - 069333,1082,974,10,30,3,28,0,12,90.02,0.92,2.77,0.28,2.59,0.0,1.11
LARIMER - 069334,1814,1601,16,109,0,47,0,32,88.26,0.88,6.01,0.0,2.59,0.0,1.76
LARIMER - 069335,1694,1070,95,368,32,73,0,35,63.16,5.61,21.72,1.89,4.31,0.0,2.07
LARIMER - 069336,1436,1253,0,65,15,79,0,19,87.26,0.0,4.53,1.04,5.5,0.0,1.32
LARIMER - 069337,1738,1353,17,297,9,11,5,42,77.85,0.98,17.09,0.52,0.63,0.29,2.42
LARIMER - 069338,2977,2321,128,366,20,66,0,108,77.96,4.3,12.29,0.67,2.22,0.0,3.63
LARIMER - 069339,1162,1044,0,114,0,0,0,24,89.85,0.0,9.81,0.0,0.0,0.0,2.07
LARIMER - 069340,1085,986,0,88,0,12,0,9,90.88,0.0,8.11,0.0,1.11,0.0,0.83
LARIMER - 069341,1496,1245,0,124,5,35,0,42,83.22,0.0,8.29,0.33,2.34,0.0,2.81
LARIMER - 069342,950,705,0,155,23,31,0,46,74.21,0.0,16.32,2.42,3.26,0.0,4.84
LARIMER - 069343,1535,1386,0,117,7,15,0,22,90.29,0.0,7.62,0.46,0.98,0.0,1.43
LARIMER - 069344,1042,901,16,54,0,10,0,54,86.47,1.54,5.18,0.0,0.96,0.0,5.18
LARIMER - 069401,1048,972,0,86,0,0,0,0,92.75,0.0,8.21,0.0,0.0,0.0,0.0
LARIMER - 069402,820,786,0,25,0,0,0,2,95.85,0.0,3.05,0.0,0.0,0.0,0.24
LARIMER - 069403,1072,972,2,53,0,0,0,21,90.67,0.19,4.94,0.0,0.0,0.0,1.96
LARIMER - 069404,99,84,0,6,0,0,1,7,84.85,0.0,6.06,0.0,0.0,1.01,7.07
LARIMER - 069405,733,662,0,30,0,0,6,21,90.31,0.0,4.09,0.0,0.0,0.82,2.86
LARIMER - 069406,744,668,0,48,0,7,0,14,89.78,0.0,6.45,0.0,0.94,0.0,1.88
LARIMER - 069407,721,646,2,65,0,7,2,22,89.6,0.28,9.02,0.0,0.97,0.28,3.05
LARIMER - 069408,968,837,0,74,0,0,2,17,86.47,0.0,7.64,0.0,0.0,0.21,1.76
LARIMER - 069409,1131,1033,1,91,0,0,0,27,91.34,0.09,8.05,0.0,0.0,0.0,2.39
LARIMER - 069410,1223,1181,0,25,0,0,0,25,96.57,0.0,2.04,0.0,0.0,0.0,2.04
LARIMER - 069411,1770,1691,0,62,3,0,0,4,95.54,0.0,3.5,0.17,0.0,0.0,0.23
LARIMER - 069412,934,809,9,85,14,4,0,6,86.62,0.96,9.1,1.5,0.43,0.0,0.64
LARIMER - 069413,1277,1195,0,27,39,38,0,15,93.58,0.0,2.11,3.05,2.98,0.0,1.17
LARIMER - 069414,1341,1250,0,45,0,0,0,11,93.21,0.0,3.36,0.0,0.0,0.0,0.82
LARIMER - 069415,1403,1266,36,80,13,0,0,14,90.24,2.57,5.7,0.93,0.0,0.0,1.0
LARIMER - 069416,1713,1490,0,10,10,0,0,217,86.98,0.0,0.58,0.58,0.0,0.0,12.67
LARIMER - 069417,1113,1034,0,45,4,0,0,20,92.9,0.0,4.04,0.36,0.0,0.0,1.8
LARIMER - 069418,1611,1520,0,22,43,0,0,46,94.35,0.0,1.37,2.67,0.0,0.0,2.86
LARIMER - 069419,3749,3178,40,387,14,44,0,68,84.77,1.07,10.32,0.37,1.17,0.0,1.81
LARIMER - 069420,1615,1358,7,200,2,16,0,6,84.09,0.43,12.38,0.12,0.99,0.0,0.37
LARIMER - 069421,1158,1023,0,77,11,0,0,57,88.34,0.0,6.65,0.95,0.0,0.0,4.92
LARIMER - 069422,2036,1891,0,111,5,0,0,19,92.88,0.0,5.45,0.25,0.0,0.0,0.93
LARIMER - 069423,1690,1667,0,0,0,0,0,24,98.64,0.0,0.0,0.0,0.0,0.0,1.42
LARIMER - 069424,39,34,0,0,0,0,0,1,87.18,0.0,0.0,0.0,0.0,0.0,2.56
LARIMER - 069425,164,167,0,0,0,0,0,4,101.83,0.0,0.0,0.0,0.0,0.0,2.44
LARIMER - 069426,1156,1033,0,82,0,29,0,18,89.36,0.0,7.09,0.0,2.51,0.0,1.56
LARIMER - 069427,1323,1293,36,5,0,0,8,11,97.73,2.72,0.38,0.0,0.0,0.6,0.83
LARIMER - 069428,1231,1186,0,58,0,0,0,6,96.34,0.0,4.71,0.0,0.0,0.0,0.49
LARIMER - 069429,1022,950,0,39,7,0,0,21,92.95,0.0,3.82,0.68,0.0,0.0,2.05
LARIMER - 069430,1026,1013,0,11,0,0,0,13,98.73,0.0,1.07,0.0,0.0,0.0,1.27
LARIMER - 069431,1971,1604,0,284,3,0,0,58,81.38,0.0,14.41,0.15,0.0,0.0,2.94
LARIMER - 069432,1903,1466,7,474,0,25,0,0,77.04,0.37,24.91,0.0,1.31,0.0,0.0
LARIMER - 069433,2009,1591,3,290,0,16,0,65,79.19,0.15,14.44,0.0,0.8,0.0,3.24
LARIMER - 069434,1835,1623,0,197,1,0,0,15,88.45,0.0,10.74,0.05,0.0,0.0,0.82
LARIMER - 069435,1763,1524,0,180,0,0,0,55,86.44,0.0,10.21,0.0,0.0,0.0,3.12
LARIMER - 069436,1267,1206,1,32,0,53,0,12,95.19,0.08,2.53,0.0,4.18,0.0,0.95
LARIMER - 069437,1056,940,0,125,0,0,0,16,89.02,0.0,11.84,0.0,0.0,0.0,1.52
LARIMER - 069438,1105,1030,0,40,0,0,0,33,93.21,0.0,3.62,0.0,0.0,0.0,2.99
LARIMER - 069439,668,616,0,25,8,0,0,12,92.22,0.0,3.74,1.2,0.0,0.0,1.8
LARIMER - 069440,1435,1183,1,206,3,35,0,13,82.44,0.07,14.36,0.21,2.44,0.0,0.91
LARIMER - 069441,883,807,0,34,0,0,0,3,91.39,0.0,3.85,0.0,0.0,0.0,0.34
LARIMER - 069501,1126,940,1,114,10,0,0,36,83.48,0.09,10.12,0.89,0.0,0.0,3.2
LARIMER - 069502,1237,1061,0,101,0,15,4,59,85.77,0.0,8.16,0.0,1.21,0.32,4.77
LARIMER - 069503,1391,1039,42,247,0,32,3,7,74.69,3.02,17.76,0.0,2.3,0.22,0.5
LARIMER - 069504,1472,1214,0,197,0,5,0,71,82.47,0.0,13.38,0.0,0.34,0.0,4.82
LARIMER - 069505,1412,1015,0,325,0,13,0,55,71.88,0.0,23.02,0.0,0.92,0.0,3.9
LARIMER - 069506,1235,1100,5,104,9,0,0,15,89.07,0.4,8.42,0.73,0.0,0.0,1.21
LARIMER - 069507,1727,1398,0,314,0,0,0,11,80.95,0.0,18.18,0.0,0.0,0.0,0.64
LARIMER - 069508,1396,1050,1,318,0,28,0,0,75.21,0.07,22.78,0.0,2.01,0.0,0.0
LARIMER - 069509,1036,917,9,59,0,0,0,50,88.51,0.87,5.69,0.0,0.0,0.0,4.83
LARIMER - 069510,1811,1559,0,225,0,0,0,3,86.09,0.0,12.42,0.0,0.0,0.0,0.17
LARIMER - 069511,848,820,0,28,0,0,0,6,96.7,0.0,3.3,0.0,0.0,0.0,0.71
LARIMER - 069512,1536,1350,25,103,0,0,0,45,87.89,1.63,6.71,0.0,0.0,0.0,2.93
LARIMER - 069513,1657,1506,0,140,0,0,0,14,90.89,0.0,8.45,0.0,0.0,0.0,0.84
LARIMER - 069514,1705,1397,0,266,0,8,0,34,81.94,0.0,15.6,0.0,0.47,0.0,1.99
LARIMER - 069515,1285,1126,0,100,0,44,0,15,87.63,0.0,7.78,0.0,3.42,0.0,1.17
LARIMER - 069516,1401,1301,26,77,0,0,0,6,92.86,1.86,5.5,0.0,0.0,0.0,0.43
LARIMER - 069517,1996,1787,15,96,0,34,0,53,89.53,0.75,4.81,0.0,1.7,0.0,2.66
LARIMER - 069518,1703,1296,87,181,0,92,0,44,76.1,5.11,10.63,0.0,5.4,0.0,2.58
LARIMER - 069519,1561,1443,70,55,0,7,0,11,92.44,4.48,3.52,0.0,0.45,0.0,0.7
LARIMER - 069520,2052,1748,113,165,5,0,0,30,85.19,5.51,8.04,0.24,0.0,0.0,1.46
LARIMER - 069521,1311,1104,36,140,0,5,0,0,84.21,2.75,10.68,0.0,0.38,0.0,0.0
LARIMER - 069522,1678,1594,13,52,0,3,0,13,94.99,0.77,3.1,0.0,0.18,0.0,0.77
LARIMER - 069523,1266,1143,27,73,0,2,0,37,90.28,2.13,5.77,0.0,0.16,0.0,2.92
LARIMER - 069524,1515,1051,75,300,9,33,0,47,69.37,4.95,19.8,0.59,2.18,0.0,3.1
LARIMER - 069525,803,796,0,14,0,0,0,22,99.13,0.0,1.74,0.0,0.0,0.0,2.74
LARIMER - 069526,1680,1539,0,151,0,0,0,0,91.61,0.0,8.99,0.0,0.0,0.0,0.0
LARIMER - 069527,1461,1233,0,131,0,69,0,16,84.39,0.0,8.97,0.0,4.72,0.0,1.1
LARIMER - 069528,2536,2203,40,199,9,9,0,77,86.87,1.58,7.85,0.35,0.35,0.0,3.04
LARIMER - 069529,1359,1098,6,145,5,89,0,28,80.79,0.44,10.67,0.37,6.55,0.0,2.06
LARIMER - 069530,2193,1762,5,336,0,16,8,55,80.35,0.23,15.32,0.0,0.73,0.36,2.51
LARIMER - 069531,1291,1174,7,107,0,12,0,10,90.94,0.54,8.29,0.0,0.93,0.0,0.77
LARIMER - 069532,1843,1591,17,198,11,0,3,12,86.33,0.92,10.74,0.6,0.0,0.16,0.65
LARIMER - 069533,1461,1146,0,286,1,12,2,31,78.44,0.0,19.58,0.07,0.82,0.14,2.12
LARIMER - 069534,1190,986,0,85,4,93,69,36,82.86,0.0,7.14,0.34,7.82,5.8,3.03
LARIMER - 069535,1505,1197,0,263,0,27,0,18,79.53,0.0,17.48,0.0,1.79,0.0,1.2
LARIMER - 069536,1388,1256,0,101,0,15,0,11,90.49,0.0,7.28,0.0,1.08,0.0,0.79
LARIMER - 069537,1612,1512,11,62,4,46,0,31,93.8,0.68,3.85,0.25,2.85,0.0,1.92
LARIMER - 069538,1387,1277,2,51,0,18,0,23,92.07,0.14,3.68,0.0,1.3,0.0,1.66
LARIMER - 069539,2090,1743,0,184,11,76,0,22,83.4,0.0,8.8,0.53,3.64,0.0,1.05
LARIMER - 069540,975,812,2,148,0,0,0,17,83.28,0.21,15.18,0.0,0.0,0.0,1.74
LARIMER - 069541,1755,1563,0,141,6,22,0,14,89.06,0.0,8.03,0.34,1.25,0.0,0.8
LARIMER - 069542,2335,1857,7,460,0,10,0,25,79.53,0.3,19.7,0.0,0.43,0.0,1.07
LARIMER - 069543,974,819,1,115,3,0,0,16,84.09,0.1,11.81,0.31,0.0,0.0,1.64
LARIMER - 069544,1133,985,0,80,3,16,1,27,86.94,0.0,7.06,0.26,1.41,0.09,2.38
LARIMER - 069545,1294,1120,0,34,0,34,0,23,86.55,0.0,2.63,0.0,2.63,0.0,1.78
LARIMER - 069546,934,754,22,127,0,13,0,13,80.73,2.36,13.6,0.0,1.39,0.0,1.39
LARIMER - 069547,1171,952,5,175,11,6,0,33,81.3,0.43,14.94,0.94,0.51,0.0,2.82
LARIMER - 069548,1219,1072,11,139,0,0,8,8,87.94,0.9,11.4,0.0,0.0,0.66,0.66
LARIMER - 069549,618,512,0,106,0,0,0,0,82.85,0.0,17.15,0.0,0.0,0.0,0.0
LARIMER - 069601,702,347,0,348,0,0,0,31,49.43,0.0,49.57,0.0,0.0,0.0,4.42
LARIMER - 069602,726,634,18,50,0,1,0,2,87.33,2.48,6.89,0.0,0.14,0.0,0.28
LARIMER - 069603,1376,1278,18,53,0,31,0,10,92.88,1.31,3.85,0.0,2.25,0.0,0.73
LARIMER - 069701,1404,1237,14,114,0,0,0,21,88.11,1.0,8.12,0.0,0.0,0.0,1.5
LARIMER - 069702,875,864,0,85,0,5,0,0,98.74,0.0,9.71,0.0,0.57,0.0,0.0
LARIMER - 069703,1301,1076,34,68,0,0,0,77,82.71,2.61,5.23,0.0,0.0,0.0,5.92
LARIMER - 069801,1035,886,0,130,0,3,0,1,85.6,0.0,12.56,0.0,0.29,0.0,0.1
LARIMER - 069802,1260,1207,0,39,7,10,0,0,95.79,0.0,3.1,0.56,0.79,0.0,0.0
LARIMER - 069803,2974,2796,13,95,15,41,0,3,94.01,0.44,3.19,0.5,1.38,0.0,0.1
LARIMER - 069804,1549,1371,32,89,6,8,0,17,88.51,2.07,5.75,0.39,0.52,0.0,1.1
LARIMER - 069805,806,697,10,81,2,1,0,18,86.48,1.24,10.05,0.25,0.12,0.0,2.23
LARIMER - 069806,953,899,21,8,0,10,0,10,94.33,2.2,0.84,0.0,1.05,0.0,1.05
LARIMER - 069807,878,736,0,21,0,83,0,3,83.83,0.0,2.39,0.0,9.45,0.0,0.34
LARIMER - 069808,2368,1941,4,196,14,18,0,195,81.97,0.17,8.28,0.59,0.76,0.0,8.23
LARIMER - 069809,1731,1525,0,125,0,66,0,45,88.1,0.0,7.22,0.0,3.81,0.0,2.6
LARIMER - 069810,1338,948,137,267,0,10,0,6,70.85,10.24,19.96,0.0,0.75,0.0,0.45
LARIMER - 069811,2855,2139,56,524,0,67,0,7,74.92,1.96,18.35,0.0,2.35,0.0,0.25
LARIMER - 069812,1008,962,10,6,0,13,0,22,95.44,0.99,0.6,0.0,1.29,0.0,2.18
LARIMER - 069813,1271,1034,0,64,35,168,0,5,81.35,0.0,5.04,2.75,13.22,0.0,0.39
LARIMER - 069814,1209,1122,30,68,2,5,0,11,92.8,2.48,5.62,0.17,0.41,0.0,0.91
LAS ANIMAS - 071001,160,130,0,30,4,0,0,2,81.25,0.0,18.75,2.5,0.0,0.0,1.25
LAS ANIMAS - 071002,435,222,0,150,32,0,0,9,51.03,0.0,34.48,7.36,0.0,0.0,2.07
LAS ANIMAS - 071003,1123,673,98,283,59,0,0,28,59.93,8.73,25.2,5.25,0.0,0.0,2.49
LAS ANIMAS - 071004,679,454,0,225,0,0,0,4,66.86,0.0,33.14,0.0,0.0,0.0,0.59
LAS ANIMAS - 071005,466,355,9,76,0,29,0,2,76.18,1.93,16.31,0.0,6.22,0.0,0.43
LAS ANIMAS - 071006,980,726,20,205,0,4,0,9,74.08,2.04,20.92,0.0,0.41,0.0,0.92
LAS ANIMAS - 071007,369,284,0,71,0,21,0,9,76.96,0.0,19.24,0.0,5.69,0.0,2.44
LAS ANIMAS - 071008,197,155,0,41,0,0,0,3,78.68,0.0,20.81,0.0,0.0,0.0,1.52
LAS ANIMAS - 071009,360,205,0,164,0,0,0,0,56.94,0.0,45.56,0.0,0.0,0.0,0.0
LAS ANIMAS - 071010,924,459,25,427,5,0,0,0,49.68,2.71,46.21,0.54,0.0,0.0,0.0
LAS ANIMAS - 071011,2237,1067,6,1055,4,31,1,68,47.7,0.27,47.16,0.18,1.39,0.04,3.04
LAS ANIMAS - 071012,2174,1373,0,732,8,13,0,30,63.16,0.0,33.67,0.37,0.6,0.0,1.38
LAS ANIMAS - 071013,299,140,14,142,0,0,2,0,46.82,4.68,47.49,0.0,0.0,0.67,0.0
LAS ANIMAS - 071014,314,142,0,166,0,0,5,0,45.22,0.0,52.87,0.0,0.0,1.59,0.0
LAS ANIMAS - 071016,797,373,14,381,0,0,4,36,46.8,1.76,47.8,0.0,0.0,0.5,4.52
LINCOLN - 073001,276,225,2,26,0,0,0,29,81.52,0.72,9.42,0.0,0.0,0.0,10.51
LINCOLN - 073002,306,286,0,20,0,0,0,0,93.46,0.0,6.54,0.0,0.0,0.0,0.0
LINCOLN - 073003,1366,548,293,532,0,0,0,14,40.12,21.45,38.95,0.0,0.0,0.0,1.02
LINCOLN - 073004,236,207,0,1,0,0,0,3,87.71,0.0,0.42,0.0,0.0,0.0,1.27
LINCOLN - 073005,599,580,0,14,0,0,0,4,96.83,0.0,2.34,0.0,0.0,0.0,0.67
LINCOLN - 073006,267,242,0,2,45,0,0,5,90.64,0.0,0.75,16.85,0.0,0.0,1.87
LINCOLN - 073007,579,441,3,56,0,0,0,68,76.17,0.52,9.67,0.0,0.0,0.0,11.74
LINCOLN - 073008,31,29,0,0,0,0,0,1,93.55,0.0,0.0,0.0,0.0,0.0,3.23
LINCOLN - 073009,164,138,0,6,11,3,0,2,84.15,0.0,3.66,6.71,1.83,0.0,1.22
LINCOLN - 073010,171,152,0,3,5,0,0,2,88.89,0.0,1.75,2.92,0.0,0.0,1.17
LINCOLN - 073011,63,56,0,1,0,2,0,0,88.89,0.0,1.59,0.0,3.17,0.0,0.0
LINCOLN - 073012,41,37,0,1,0,0,0,0,90.24,0.0,2.44,0.0,0.0,0.0,0.0
LINCOLN - 073013,394,386,0,11,0,0,0,1,97.97,0.0,2.79,0.0,0.0,0.0,0.25
LOGAN - 075001,1346,1157,14,51,0,0,0,126,85.96,1.04,3.79,0.0,0.0,0.0,9.36
LOGAN - 075002,1445,1224,34,130,0,0,0,60,84.71,2.35,9.0,0.0,0.0,0.0,4.15
LOGAN - 075003,3061,1694,281,818,99,14,0,37,55.34,9.18,26.72,3.23,0.46,0.0,1.21
LOGAN - 075004,1345,1029,57,268,0,0,0,5,76.51,4.24,19.93,0.0,0.0,0.0,0.37
LOGAN - 075005,1164,855,64,203,0,19,0,6,73.45,5.5,17.44,0.0,1.63,0.0,0.52
LOGAN - 075006,1096,767,92,195,0,32,0,12,69.98,8.39,17.79,0.0,2.92,0.0,1.09
LOGAN - 075007,1482,1023,52,380,0,0,4,28,69.03,3.51,25.64,0.0,0.0,0.27,1.89
LOGAN - 075008,922,850,7,73,2,0,1,18,92.19,0.76,7.92,0.22,0.0,0.11,1.95
LOGAN - 075009,1117,1034,49,36,0,0,1,0,92.57,4.39,3.22,0.0,0.0,0.09,0.0
LOGAN - 075010,954,913,8,18,0,11,0,8,95.7,0.84,1.89,0.0,1.15,0.0,0.84
LOGAN - 075011,551,482,1,57,0,10,2,2,87.48,0.18,10.34,0.0,1.81,0.36,0.36
LOGAN - 075012,426,421,0,11,0,0,0,0,98.83,0.0,2.58,0.0,0.0,0.0,0.0
LOGAN - 075013,679,618,7,45,0,0,0,7,91.02,1.03,6.63,0.0,0.0,0.0,1.03
LOGAN - 075014,436,405,0,30,0,0,0,0,92.89,0.0,6.88,0.0,0.0,0.0,0.0
LOGAN - 075015,446,454,0,22,5,0,0,6,101.79,0.0,4.93,1.12,0.0,0.0,1.35
LOGAN - 075016,202,214,1,9,0,0,0,4,105.94,0.5,4.46,0.0,0.0,0.0,1.98
MESA - 077001,1996,1788,0,171,38,0,0,10,89.58,0.0,8.57,1.9,0.0,0.0,0.5
MESA - 077002,1704,1536,0,134,0,0,0,0,90.14,0.0,7.86,0.0,0.0,0.0,0.0
MESA - 077003,1462,1381,0,81,0,0,0,0,94.46,0.0,5.54,0.0,0.0,0.0,0.0
MESA - 077004,2067,1864,0,162,4,12,0,7,90.18,0.0,7.84,0.19,0.58,0.0,0.34
MESA - 077005,2001,1917,0,50,1,0,0,27,95.8,0.0,2.5,0.05,0.0,0.0,1.35
MESA - 077006,2642,2333,4,268,14,6,0,18,88.3,0.15,10.14,0.53,0.23,0.0,0.68
MESA - 077007,2041,1647,104,218,0,45,0,28,80.7,5.1,10.68,0.0,2.2,0.0,1.37
MESA - 077008,833,801,0,16,0,0,0,3,96.16,0.0,1.92,0.0,0.0,0.0,0.36
MESA - 077009,1083,1013,0,35,0,15,0,14,93.54,0.0,3.23,0.0,1.39,0.0,1.29
MESA - 077010,1069,999,0,5,5,6,0,23,93.45,0.0,0.47,0.47,0.56,0.0,2.15
MESA - 077011,259,239,0,9,0,8,0,8,92.28,0.0,3.47,0.0,3.09,0.0,3.09
MESA - 077012,1401,1296,0,78,0,8,2,30,92.51,0.0,5.57,0.0,0.57,0.14,2.14
MESA - 077013,2230,1858,11,248,1,0,3,84,83.32,0.49,11.12,0.04,0.0,0.13,3.77
MESA - 077014,1531,1433,0,85,2,6,1,38,93.6,0.0,5.55,0.13,0.39,0.07,2.48
MESA - 077015,1091,995,0,48,6,3,2,5,91.2,0.0,4.4,0.55,0.27,0.18,0.46
MESA - 077016,1021,990,0,28,3,0,0,21,96.96,0.0,2.74,0.29,0.0,0.0,2.06
MESA - 077017,1069,961,0,88,12,0,0,10,89.9,0.0,8.23,1.12,0.0,0.0,0.94
MESA - 077018,1025,957,0,58,15,0,0,0,93.37,0.0,5.66,1.46,0.0,0.0,0.0
MESA - 077019,742,650,0,50,3,0,0,14,87.6,0.0,6.74,0.4,0.0,0.0,1.89
MESA - 077020,2839,2583,13,214,3,0,0,35,90.98,0.46,7.54,0.11,0.0,0.0,1.23
MESA - 077021,2776,2452,34,180,12,3,0,62,88.33,1.22,6.48,0.43,0.11,0.0,2.23
MESA - 077022,3114,2417,10,615,0,69,0,44,77.62,0.32,19.75,0.0,2.22,0.0,1.41
MESA - 077023,2867,2195,0,576,0,0,0,96,76.56,0.0,20.09,0.0,0.0,0.0,3.35
MESA - 077024,3322,2661,21,498,0,21,0,128,80.1,0.63,14.99,0.0,0.63,0.0,3.85
MESA - 077025,2560,1923,0,580,0,9,0,53,75.12,0.0,22.66,0.0,0.35,0.0,2.07
MESA - 077026,3037,2475,0,424,54,37,0,29,81.49,0.0,13.96,1.78,1.22,0.0,0.95
MESA - 077027,2041,1748,0,189,13,22,0,61,85.64,0.0,9.26,0.64,1.08,0.0,2.99
MESA - 077028,1848,1693,0,93,0,30,0,34,91.61,0.0,5.03,0.0,1.62,0.0,1.84
MESA - 077029,2000,1843,0,138,0,10,0,56,92.15,0.0,6.9,0.0,0.5,0.0,2.8
MESA - 077030,3939,2940,18,750,0,35,0,183,74.64,0.46,19.04,0.0,0.89,0.0,4.65
MESA - 077031,1188,1160,0,26,0,0,0,5,97.64,0.0,2.19,0.0,0.0,0.0,0.42
MESA - 077032,929,914,0,31,0,0,0,7,98.39,0.0,3.34,0.0,0.0,0.0,0.75
MESA - 077033,2153,1927,0,145,27,39,0,20,89.5,0.0,6.73,1.25,1.81,0.0,0.93
MESA - 077034,871,787,0,74,0,0,0,4,90.36,0.0,8.5,0.0,0.0,0.0,0.46
MESA - 077035,1544,1370,0,124,5,21,4,8,88.73,0.0,8.03,0.32,1.36,0.26,0.52
MESA - 077036,922,873,0,40,0,0,0,3,94.69,0.0,4.34,0.0,0.0,0.0,0.33
MESA - 077037,1330,1192,33,66,0,57,1,1,89.62,2.48,4.96,0.0,4.29,0.08,0.08
MESA - 077038,2904,2172,0,630,33,31,0,34,74.79,0.0,21.69,1.14,1.07,0.0,1.17
MESA - 077039,2688,2410,27,205,30,0,0,23,89.66,1.0,7.63,1.12,0.0,0.0,0.86
MESA - 077040,2164,1783,5,334,0,3,0,36,82.39,0.23,15.43,0.0,0.14,0.0,1.66
MESA - 077041,1968,1799,3,86,0,4,0,72,91.41,0.15,4.37,0.0,0.2,0.0,3.66
MESA - 077042,1638,1488,5,99,5,0,0,19,90.84,0.31,6.04,0.31,0.0,0.0,1.16
MESA - 077043,4289,3021,74,988,5,14,0,137,70.44,1.73,23.04,0.12,0.33,0.0,3.19
MESA - 077044,3681,3302,21,308,5,0,0,81,89.7,0.57,8.37,0.14,0.0,0.0,2.2
MESA - 077045,3895,3053,80,586,0,50,0,107,78.38,2.05,15.04,0.0,1.28,0.0,2.75
MESA - 077046,2733,2399,13,212,32,25,0,78,87.78,0.48,7.76,1.17,0.91,0.0,2.85
MESA - 077047,1967,1699,48,214,20,0,0,15,86.38,2.44,10.88,1.02,0.0,0.0,0.76
MESA - 077048,2372,2094,30,217,2,0,13,23,88.28,1.26,9.15,0.08,0.0,0.55,0.97
MESA - 077049,3218,2521,16,603,22,8,0,55,78.34,0.5,18.74,0.68,0.25,0.0,1.71
MESA - 077050,2276,1843,17,280,46,28,0,40,80.98,0.75,12.3,2.02,1.23,0.0,1.76
MESA - 077051,1644,1338,16,275,1,14,0,19,81.39,0.97,16.73,0.06,0.85,0.0,1.16
MESA - 077052,2867,2428,6,310,0,5,0,43,84.69,0.21,10.81,0.0,0.17,0.0,1.5
MESA - 077053,2938,2178,8,559,0,8,0,247,74.13,0.27,19.03,0.0,0.27,0.0,8.41
MESA - 077054,4601,3127,77,1072,62,167,7,105,67.96,1.67,23.3,1.35,3.63,0.15,2.28
MESA - 077055,2287,1744,2,421,5,0,0,117,76.26,0.09,18.41,0.22,0.0,0.0,5.12
MESA - 077056,3258,2900,38,250,14,0,0,48,89.01,1.17,7.67,0.43,0.0,0.0,1.47
MESA - 077057,2895,2612,0,252,5,11,0,42,90.22,0.0,8.7,0.17,0.38,0.0,1.45
MINERAL - 040001,636,578,0,47,0,5,0,6,90.88,0.0,7.39,0.0,0.79,0.0,0.94
MOFFAT - 081001,1611,1442,2,109,0,3,7,41,89.51,0.12,6.77,0.0,0.19,0.43,2.55
MOFFAT - 081002,723,623,1,60,21,0,0,13,86.17,0.14,8.3,2.9,0.0,0.0,1.8
MOFFAT - 081003,1238,1067,1,140,0,0,1,17,86.19,0.08,11.31,0.0,0.0,0.08,1.37
MOFFAT - 081004,49,24,0,48,0,0,0,0,48.98,0.0,97.96,0.0,0.0,0.0,0.0
MOFFAT - 081005,1318,1109,0,125,0,17,0,76,84.14,0.0,9.48,0.0,1.29,0.0,5.77
MOFFAT - 081006,237,153,0,43,0,0,0,2,64.56,0.0,18.14,0.0,0.0,0.0,0.84
MOFFAT - 081007,824,669,0,127,0,11,1,16,81.19,0.0,15.41,0.0,1.33,0.12,1.94
MOFFAT - 081008,309,180,0,141,0,0,0,5,58.25,0.0,45.63,0.0,0.0,0.0,1.62
MOFFAT - 081009,1216,1093,0,65,0,5,0,74,89.88,0.0,5.35,0.0,0.41,0.0,6.09
MOFFAT - 081010,95,77,0,19,0,0,0,0,81.05,0.0,20.0,0.0,0.0,0.0,0.0
MOFFAT - 081011,909,750,0,124,13,0,0,17,82.51,0.0,13.64,1.43,0.0,0.0,1.87
MOFFAT - 081012,505,416,0,50,18,0,0,19,82.38,0.0,9.9,3.56,0.0,0.0,3.76
MOFFAT - 081013,578,539,0,32,1,0,0,5,93.25,0.0,5.54,0.17,0.0,0.0,0.87
MONTEZUMA - 083001,386,319,0,43,0,0,0,28,82.64,0.0,11.14,0.0,0.0,0.0,7.25
MONTEZUMA - 083002,2630,1955,0,256,108,80,0,234,74.33,0.0,9.73,4.11,3.04,0.0,8.9
MONTEZUMA - 083003,1916,1728,0,184,8,3,0,12,90.19,0.0,9.6,0.42,0.16,0.0,0.63
MONTEZUMA - 083004,1204,1128,0,25,4,0,0,29,93.69,0.0,2.08,0.33,0.0,0.0,2.41
MONTEZUMA - 083005,2086,1530,0,120,79,4,0,296,73.35,0.0,5.75,3.79,0.19,0.0,14.19
MONTEZUMA - 083006,2984,2624,0,250,56,0,0,51,87.94,0.0,8.38,1.88,0.0,0.0,1.71
MONTEZUMA - 083007,1998,1974,8,200,16,10,0,122,98.8,0.4,10.01,0.8,0.5,0.0,6.11
MONTEZUMA - 083008,1108,59,5,98,574,15,29,32,5.32,0.45,8.84,51.81,1.35,2.62,2.89
MONTEZUMA - 083009,2964,2077,6,286,444,56,0,123,70.07,0.2,9.65,14.98,1.89,0.0,4.15
MONTEZUMA - 083010,1962,1400,0,421,56,0,0,40,71.36,0.0,21.46,2.85,0.0,0.0,2.04
MONTEZUMA - 083011,1390,1027,0,192,115,0,0,89,73.88,0.0,13.81,8.27,0.0,0.0,6.4
MONTROSE - 085001,1522,918,0,536,58,3,0,8,60.32,0.0,35.22,3.81,0.2,0.0,0.53
MONTROSE - 085002,1170,1026,46,74,0,0,0,37,87.69,3.93,6.32,0.0,0.0,0.0,3.16
MONTROSE - 085003,1744,1294,8,378,3,23,0,39,74.2,0.46,21.67,0.17,1.32,0.0,2.24
MONTROSE - 085004,1995,1354,0,631,0,19,0,0,67.87,0.0,31.63,0.0,0.95,0.0,0.0
MONTROSE - 085005,917,828,0,73,0,0,0,16,90.29,0.0,7.96,0.0,0.0,0.0,1.74
MONTROSE - 085006,1033,960,0,72,0,0,0,6,92.93,0.0,6.97,0.0,0.0,0.0,0.58
MONTROSE - 085007,944,641,0,252,3,13,0,13,67.9,0.0,26.69,0.32,1.38,0.0,1.38
MONTROSE - 085008,495,475,0,9,0,0,0,4,95.96,0.0,1.82,0.0,0.0,0.0,0.81
MONTROSE - 085009,2314,1745,43,411,9,29,0,88,75.41,1.86,17.76,0.39,1.25,0.0,3.8
MONTROSE - 085010,113,117,0,1,0,0,0,1,103.54,0.0,0.88,0.0,0.0,0.0,0.88
MONTROSE - 085011,218,227,0,8,0,0,0,3,104.13,0.0,3.67,0.0,0.0,0.0,1.38
MONTROSE - 085012,1333,1005,0,235,3,0,0,19,75.39,0.0,17.63,0.23,0.0,0.0,1.43
MONTROSE - 085013,1159,964,0,199,6,0,0,88,83.18,0.0,17.17,0.52,0.0,0.0,7.59
MONTROSE - 085014,1050,942,0,108,5,0,0,5,89.71,0.0,10.29,0.48,0.0,0.0,0.48
MONTROSE - 085015,54,43,0,13,0,0,0,0,79.63,0.0,24.07,0.0,0.0,0.0,0.0
MONTROSE - 085016,496,482,0,13,0,0,0,0,97.18,0.0,2.62,0.0,0.0,0.0,0.0
MONTROSE - 085017,1148,1030,25,82,0,0,0,12,89.72,2.18,7.14,0.0,0.0,0.0,1.05
MONTROSE - 085018,1088,941,0,100,0,0,0,27,86.49,0.0,9.19,0.0,0.0,0.0,2.48
MONTROSE - 085019,958,793,29,142,0,7,0,6,82.78,3.03,14.82,0.0,0.73,0.0,0.63
MONTROSE - 085020,2027,1677,0,275,12,33,0,31,82.73,0.0,13.57,0.59,1.63,0.0,1.53
MONTROSE - 085021,1333,1171,0,136,18,0,0,32,87.85,0.0,10.2,1.35,0.0,0.0,2.4
MONTROSE - 085022,1163,1010,0,89,0,0,0,66,86.84,0.0,7.65,0.0,0.0,0.0,5.67
MONTROSE - 085023,1343,1118,9,150,0,7,0,59,83.25,0.67,11.17,0.0,0.52,0.0,4.39
MONTROSE - 085024,1471,1247,0,188,0,7,0,19,84.77,0.0,12.78,0.0,0.48,0.0,1.29
MONTROSE - 085025,1492,1305,30,107,0,0,0,49,87.47,2.01,7.17,0.0,0.0,0.0,3.28
MONTROSE - 085026,1460,1332,0,104,0,18,0,1,91.23,0.0,7.12,0.0,1.23,0.0,0.07
MONTROSE - 085027,1505,1238,0,178,78,0,0,0,82.26,0.0,11.83,5.18,0.0,0.0,0.0
MONTROSE - 085028,1759,1379,0,260,3,0,0,42,78.4,0.0,14.78,0.17,0.0,0.0,2.39
MORGAN - 087001,2450,1942,74,412,0,8,5,20,79.27,3.02,16.82,0.0,0.33,0.2,0.82
MORGAN - 087002,837,742,0,77,0,1,0,8,88.65,0.0,9.2,0.0,0.12,0.0,0.96
MORGAN - 087003,1411,971,49,310,0,9,60,12,68.82,3.47,21.97,0.0,0.64,4.25,0.85
MORGAN - 087004,901,677,0,177,0,26,0,21,75.14,0.0,19.64,0.0,2.89,0.0,2.33
MORGAN - 087005,1360,713,63,485,0,0,0,64,52.43,4.63,35.66,0.0,0.0,0.0,4.71
MORGAN - 087006,1424,767,55,523,0,84,0,42,53.86,3.86,36.73,0.0,5.9,0.0,2.95
MORGAN - 087007,1263,494,1,819,9,0,0,8,39.11,0.08,64.85,0.71,0.0,0.0,0.63
MORGAN - 087008,1029,598,14,333,5,0,0,18,58.11,1.36,32.36,0.49,0.0,0.0,1.75
MORGAN - 087009,1036,568,71,357,2,6,0,7,54.83,6.85,34.46,0.19,0.58,0.0,0.68
MORGAN - 087010,1403,679,0,718,0,0,0,10,48.4,0.0,51.18,0.0,0.0,0.0,0.71
MORGAN - 087011,1235,779,0,235,0,0,0,219,63.08,0.0,19.03,0.0,0.0,0.0,17.73
MORGAN - 087012,209,190,0,4,0,0,0,10,90.91,0.0,1.91,0.0,0.0,0.0,4.78
MORGAN - 087013,639,564,0,64,0,0,0,10,88.26,0.0,10.02,0.0,0.0,0.0,1.56
MORGAN - 087014,1158,817,1,323,13,0,0,13,70.55,0.09,27.89,1.12,0.0,0.0,1.12
MORGAN - 087015,1137,653,322,165,0,0,0,35,57.43,28.32,14.51,0.0,0.0,0.0,3.08
MORGAN - 087016,1205,931,39,154,7,0,0,19,77.26,3.24,12.78,0.58,0.0,0.0,1.58
MORGAN - 087017,1370,918,34,403,0,31,0,0,67.01,2.48,29.42,0.0,2.26,0.0,0.0
OTERO - 089001,1415,898,51,441,0,5,0,21,63.46,3.6,31.17,0.0,0.35,0.0,1.48
OTERO - 089002,570,355,0,180,0,8,0,12,62.28,0.0,31.58,0.0,1.4,0.0,2.11
OTERO - 089003,1002,739,21,227,0,16,0,0,73.75,2.1,22.65,0.0,1.6,0.0,0.0
OTERO - 089004,698,462,0,227,3,0,0,4,66.19,0.0,32.52,0.43,0.0,0.0,0.57
OTERO - 089005,975,470,0,461,0,0,0,35,48.21,0.0,47.28,0.0,0.0,0.0,3.59
OTERO - 089006,526,490,0,25,2,0,0,20,93.16,0.0,4.75,0.38,0.0,0.0,3.8
OTERO - 089007,639,332,1,286,6,1,0,26,51.96,0.16,44.76,0.94,0.16,0.0,4.07
OTERO - 089008,659,388,0,246,0,0,0,10,58.88,0.0,37.33,0.0,0.0,0.0,1.52
OTERO - 089009,785,530,11,228,7,0,0,42,67.52,1.4,29.04,0.89,0.0,0.0,5.35
OTERO - 089010,698,353,22,241,32,0,0,30,50.57,3.15,34.53,4.58,0.0,0.0,4.3
OTERO - 089011,724,428,0,262,0,0,0,36,59.12,0.0,36.19,0.0,0.0,0.0,4.97
OTERO - 089012,1061,504,0,513,0,0,0,4,47.5,0.0,48.35,0.0,0.0,0.0,0.38
OTERO - 089013,1253,242,0,976,0,62,0,5,19.31,0.0,77.89,0.0,4.95,0.0,0.4
OTERO - 089014,908,512,0,377,0,0,0,19,56.39,0.0,41.52,0.0,0.0,0.0,2.09
OTERO - 089015,541,294,10,238,0,0,0,12,54.34,1.85,43.99,0.0,0.0,0.0,2.22
OTERO - 089016,871,824,7,31,0,0,0,0,94.6,0.8,3.56,0.0,0.0,0.0,0.0
OTERO - 089017,328,233,24,67,4,0,4,0,71.04,7.32,20.43,1.22,0.0,1.22,0.0
OURAY - 091001,460,420,0,28,0,0,0,8,91.3,0.0,6.09,0.0,0.0,0.0,1.74
OURAY - 091002,828,753,0,62,0,0,0,19,90.94,0.0,7.49,0.0,0.0,0.0,2.29
OURAY - 091003,1514,1413,12,57,0,0,0,17,93.33,0.79,3.76,0.0,0.0,0.0,1.12
OURAY - 091004,605,573,0,11,0,0,0,52,94.71,0.0,1.82,0.0,0.0,0.0,8.6
OURAY - 091005,942,835,0,73,0,0,0,16,88.64,0.0,7.75,0.0,0.0,0.0,1.7
PARK - 093001,2019,1702,48,97,0,70,0,114,84.3,2.38,4.8,0.0,3.47,0.0,5.65
PARK - 093002,1544,1444,15,56,0,0,0,7,93.52,0.97,3.63,0.0,0.0,0.0,0.45
PARK - 093003,929,876,8,3,0,57,0,0,94.29,0.86,0.32,0.0,6.14,0.0,0.0
PARK - 093004,346,279,13,42,0,0,0,2,80.64,3.76,12.14,0.0,0.0,0.0,0.58
PARK - 093005,824,734,0,28,0,0,0,46,89.08,0.0,3.4,0.0,0.0,0.0,5.58
PARK - 093006,857,774,0,30,0,26,0,35,90.32,0.0,3.5,0.0,3.03,0.0,4.08
PARK - 093007,955,829,0,66,0,36,0,27,86.81,0.0,6.91,0.0,3.77,0.0,2.83
PARK - 093008,793,739,2,42,0,0,0,6,93.19,0.25,5.3,0.0,0.0,0.0,0.76
PARK - 093009,630,562,19,49,0,0,0,11,89.21,3.02,7.78,0.0,0.0,0.0,1.75
PARK - 093010,1463,1343,1,83,0,0,0,41,91.8,0.07,5.67,0.0,0.0,0.0,2.8
PARK - 093011,1068,929,3,94,4,0,0,45,86.99,0.28,8.8,0.37,0.0,0.0,4.21
PARK - 093012,2023,1741,16,236,0,0,0,4,86.06,0.79,11.67,0.0,0.0,0.0,0.2
PARK - 093013,1729,1508,13,189,3,0,0,33,87.22,0.75,10.93,0.17,0.0,0.0,1.91
PHILLIPS - 095001,907,671,0,226,0,0,0,6,73.98,0.0,24.92,0.0,0.0,0.0,0.66
PHILLIPS - 095002,95,81,0,13,0,0,0,0,85.26,0.0,13.68,0.0,0.0,0.0,0.0
PHILLIPS - 095003,116,88,0,30,0,0,0,0,75.86,0.0,25.86,0.0,0.0,0.0,0.0
PHILLIPS - 095004,75,55,0,26,0,0,0,0,73.33,0.0,34.67,0.0,0.0,0.0,0.0
PHILLIPS - 095005,184,170,0,9,0,0,0,0,92.39,0.0,4.89,0.0,0.0,0.0,0.0
PHILLIPS - 095006,319,297,0,21,0,0,0,2,93.1,0.0,6.58,0.0,0.0,0.0,0.63
PHILLIPS - 095007,576,536,0,27,0,0,0,16,93.06,0.0,4.69,0.0,0.0,0.0,2.78
PHILLIPS - 095008,768,578,0,186,0,0,0,2,75.26,0.0,24.22,0.0,0.0,0.0,0.26
PITKIN - 097001,1359,1238,0,65,8,9,0,36,91.1,0.0,4.78,0.59,0.66,0.0,2.65
PITKIN - 097002,946,796,9,78,21,0,0,33,84.14,0.95,8.25,2.22,0.0,0.0,3.49
PITKIN - 097003,1382,1062,0,207,0,99,0,7,76.85,0.0,14.98,0.0,7.16,0.0,0.51
PITKIN - 097004,1220,1035,41,124,0,0,0,12,84.84,3.36,10.16,0.0,0.0,0.0,0.98
PITKIN - 097005,990,891,1,62,0,18,0,15,90.0,0.1,6.26,0.0,1.82,0.0,1.52
PITKIN - 097006,2349,2158,0,126,0,23,0,67,91.87,0.0,5.36,0.0,0.98,0.0,2.85
PITKIN - 097007,2124,1894,27,163,0,32,0,40,89.17,1.27,7.67,0.0,1.51,0.0,1.88
PITKIN - 097008,1041,963,0,54,0,5,0,10,92.51,0.0,5.19,0.0,0.48,0.0,0.96
PITKIN - 097009,1789,1615,0,122,0,25,0,11,90.27,0.0,6.82,0.0,1.4,0.0,0.61
PITKIN - 097010,613,566,0,40,0,0,5,0,92.33,0.0,6.53,0.0,0.0,0.82,0.0
PROWERS - 099001,665,449,5,212,4,3,0,14,67.52,0.75,31.88,0.6,0.45,0.0,2.11
PROWERS - 099002,469,231,3,246,0,0,0,5,49.25,0.64,52.45,0.0,0.0,0.0,1.07
PROWERS - 099003,692,414,0,230,0,0,0,19,59.83,0.0,33.24,0.0,0.0,0.0,2.75
PROWERS - 099004,575,329,0,232,0,0,0,23,57.22,0.0,40.35,0.0,0.0,0.0,4.0
PROWERS - 099005,962,350,10,539,2,0,0,38,36.38,1.04,56.03,0.21,0.0,0.0,3.95
PROWERS - 099006,409,363,0,47,0,0,0,7,88.75,0.0,11.49,0.0,0.0,0.0,1.71
PROWERS - 099007,527,407,0,101,0,6,0,8,77.23,0.0,19.17,0.0,1.14,0.0,1.52
PROWERS - 099008,665,493,0,183,0,0,0,2,74.14,0.0,27.52,0.0,0.0,0.0,0.3
PROWERS - 099009,511,281,0,211,4,11,0,16,54.99,0.0,41.29,0.78,2.15,0.0,3.13
PROWERS - 099010,1259,893,23,310,0,2,0,29,70.93,1.83,24.62,0.0,0.16,0.0,2.3
PROWERS - 099011,569,351,0,197,1,3,0,12,61.69,0.0,34.62,0.18,0.53,0.0,2.11
PROWERS - 099012,531,363,0,136,0,3,0,31,68.36,0.0,25.61,0.0,0.56,0.0,5.84
PROWERS - 099013,551,380,1,114,0,0,0,38,68.97,0.18,20.69,0.0,0.0,0.0,6.9
PUEBLO - 101001,1957,990,182,681,0,19,0,95,50.59,9.3,34.8,0.0,0.97,0.0,4.85
PUEBLO - 101002,2119,996,132,847,0,50,0,98,47.0,6.23,39.97,0.0,2.36,0.0,4.62
PUEBLO - 101003,1544,851,74,506,0,95,0,14,55.12,4.79,32.77,0.0,6.15,0.0,0.91
PUEBLO - 101004,1299,892,20,346,0,29,0,6,68.67,1.54,26.64,0.0,2.23,0.0,0.46
PUEBLO - 101005,607,495,4,134,0,21,0,5,81.55,0.66,22.08,0.0,3.46,0.0,0.82
PUEBLO - 101006,1455,863,82,375,0,57,0,76,59.31,5.64,25.77,0.0,3.92,0.0,5.22
PUEBLO - 101007,1101,619,4,394,0,0,0,36,56.22,0.36,35.79,0.0,0.0,0.0,3.27
PUEBLO - 101008,1350,686,0,624,9,0,0,31,50.81,0.0,46.22,0.67,0.0,0.0,2.3
PUEBLO - 101009,793,324,44,406,0,0,0,8,40.86,5.55,51.2,0.0,0.0,0.0,1.01
PUEBLO - 101010,2010,1087,21,859,16,0,0,21,54.08,1.04,42.74,0.8,0.0,0.0,1.04
PUEBLO - 101011,1170,505,87,582,0,0,0,13,43.16,7.44,49.74,0.0,0.0,0.0,1.11
PUEBLO - 101012,1385,649,4,647,0,28,9,52,46.86,0.29,46.71,0.0,2.02,0.65,3.75
PUEBLO - 101013,1093,527,10,482,0,41,10,20,48.22,0.91,44.1,0.0,3.75,0.91,1.83
PUEBLO - 101014,1175,542,154,393,45,5,0,16,46.13,13.11,33.45,3.83,0.43,0.0,1.36
PUEBLO - 101015,1002,456,65,439,5,11,0,51,45.51,6.49,43.81,0.5,1.1,0.0,5.09
PUEBLO - 101016,1091,610,5,425,0,0,0,28,55.91,0.46,38.96,0.0,0.0,0.0,2.57
PUEBLO - 101017,1135,652,33,441,14,4,0,14,57.44,2.91,38.85,1.23,0.35,0.0,1.23
PUEBLO - 101018,2115,1166,70,796,0,12,4,45,55.13,3.31,37.64,0.0,0.57,0.19,2.13
PUEBLO - 101019,408,186,0,197,0,3,0,16,45.59,0.0,48.28,0.0,0.74,0.0,3.92
PUEBLO - 101020,256,92,0,135,3,25,0,12,35.94,0.0,52.73,1.17,9.77,0.0,4.69
PUEBLO - 101021,1052,277,0,733,2,17,0,25,26.33,0.0,69.68,0.19,1.62,0.0,2.38
PUEBLO - 101022,2604,1321,257,907,71,48,0,10,50.73,9.87,34.83,2.73,1.84,0.0,0.38
PUEBLO - 101023,990,606,0,373,1,12,0,20,61.21,0.0,37.68,0.1,1.21,0.0,2.02
PUEBLO - 101024,723,514,6,175,0,11,0,4,71.09,0.83,24.2,0.0,1.52,0.0,0.55
PUEBLO - 101025,864,491,48,294,31,14,0,2,56.83,5.56,34.03,3.59,1.62,0.0,0.23
PUEBLO - 101026,1083,315,13,738,0,0,0,16,29.09,1.2,68.14,0.0,0.0,0.0,1.48
PUEBLO - 101027,935,210,5,690,0,0,32,11,22.46,0.53,73.8,0.0,0.0,3.42,1.18
PUEBLO - 101028,874,277,17,570,0,0,0,10,31.69,1.95,65.22,0.0,0.0,0.0,1.14
PUEBLO - 101029,607,266,0,339,0,0,0,10,43.82,0.0,55.85,0.0,0.0,0.0,1.65
PUEBLO - 101030,1242,497,19,682,0,0,0,0,40.02,1.53,54.91,0.0,0.0,0.0,0.0
PUEBLO - 101031,1234,580,45,617,8,0,0,4,47.0,3.65,50.0,0.65,0.0,0.0,0.32
PUEBLO - 101032,865,426,62,323,8,15,0,16,49.25,7.17,37.34,0.92,1.73,0.0,1.85
PUEBLO - 101033,583,236,28,248,29,0,0,15,40.48,4.8,42.54,4.97,0.0,0.0,2.57
PUEBLO - 101034,1008,478,34,486,0,0,0,12,47.42,3.37,48.21,0.0,0.0,0.0,1.19
PUEBLO - 101035,808,351,77,340,3,2,0,4,43.44,9.53,42.08,0.37,0.25,0.0,0.5
PUEBLO - 101036,687,445,0,219,0,0,0,22,64.77,0.0,31.88,0.0,0.0,0.0,3.2
PUEBLO - 101037,645,470,0,149,0,0,10,9,72.87,0.0,23.1,0.0,0.0,1.55,1.4
PUEBLO - 101038,906,521,5,363,9,0,0,18,57.51,0.55,40.07,0.99,0.0,0.0,1.99
PUEBLO - 101039,525,249,0,248,0,0,0,16,47.43,0.0,47.24,0.0,0.0,0.0,3.05
PUEBLO - 101040,655,435,0,219,0,0,0,0,66.41,0.0,33.44,0.0,0.0,0.0,0.0
PUEBLO - 101041,530,287,6,208,6,0,0,19,54.15,1.13,39.25,1.13,0.0,0.0,3.58
PUEBLO - 101042,507,266,8,219,0,0,0,13,52.47,1.58,43.2,0.0,0.0,0.0,2.56
PUEBLO - 101043,570,281,0,299,0,0,0,2,49.3,0.0,52.46,0.0,0.0,0.0,0.35
PUEBLO - 101044,819,408,18,350,4,11,0,50,49.82,2.2,42.74,0.49,1.34,0.0,6.11
PUEBLO - 101045,157,85,0,38,39,0,0,9,54.14,0.0,24.2,24.84,0.0,0.0,5.73
PUEBLO - 101046,995,259,3,649,11,0,0,66,26.03,0.3,65.23,1.11,0.0,0.0,6.63
PUEBLO - 101047,615,194,4,387,0,0,0,27,31.54,0.65,62.93,0.0,0.0,0.0,4.39
PUEBLO - 101048,798,287,3,489,0,0,0,17,35.96,0.38,61.28,0.0,0.0,0.0,2.13
PUEBLO - 101049,617,298,5,301,0,0,0,12,48.3,0.81,48.78,0.0,0.0,0.0,1.94
PUEBLO - 101050,1323,568,30,687,0,0,0,13,42.93,2.27,51.93,0.0,0.0,0.0,0.98
PUEBLO - 101051,1081,551,8,487,0,0,0,37,50.97,0.74,45.05,0.0,0.0,0.0,3.42
PUEBLO - 101052,865,532,7,278,15,0,0,6,61.5,0.81,32.14,1.73,0.0,0.0,0.69
PUEBLO - 101053,640,479,0,177,9,0,0,3,74.84,0.0,27.66,1.41,0.0,0.0,0.47
PUEBLO - 101054,771,382,23,263,0,0,1,5,49.55,2.98,34.11,0.0,0.0,0.13,0.65
PUEBLO - 101055,602,427,0,168,2,0,0,5,70.93,0.0,27.91,0.33,0.0,0.0,0.83
PUEBLO - 101056,564,419,0,148,1,0,0,23,74.29,0.0,26.24,0.18,0.0,0.0,4.08
PUEBLO - 101057,797,433,7,328,3,16,0,1,54.33,0.88,41.15,0.38,2.01,0.0,0.13
PUEBLO - 101058,630,375,8,266,0,0,0,4,59.52,1.27,42.22,0.0,0.0,0.0,0.63
PUEBLO - 101059,496,194,0,291,0,0,0,3,39.11,0.0,58.67,0.0,0.0,0.0,0.6
PUEBLO - 101060,1103,637,0,455,0,6,0,3,57.75,0.0,41.25,0.0,0.54,0.0,0.27
PUEBLO - 101061,917,402,0,515,0,8,0,9,43.84,0.0,56.16,0.0,0.87,0.0,0.98
PUEBLO - 101062,934,562,0,357,0,0,0,10,60.17,0.0,38.22,0.0,0.0,0.0,1.07
PUEBLO - 101063,1194,600,0,585,0,0,0,20,50.25,0.0,48.99,0.0,0.0,0.0,1.68
PUEBLO - 101064,354,219,0,125,0,0,0,12,61.86,0.0,35.31,0.0,0.0,0.0,3.39
PUEBLO - 101065,140,67,0,68,0,0,0,7,47.86,0.0,48.57,0.0,0.0,0.0,5.0
PUEBLO - 101066,1096,653,0,423,0,0,0,8,59.58,0.0,38.59,0.0,0.0,0.0,0.73
PUEBLO - 101067,721,464,75,213,0,0,0,10,64.36,10.4,29.54,0.0,0.0,0.0,1.39
PUEBLO - 101068,695,469,15,220,0,0,0,24,67.48,2.16,31.65,0.0,0.0,0.0,3.45
PUEBLO - 101069,1210,496,93,604,6,0,0,43,40.99,7.69,49.92,0.5,0.0,0.0,3.55
PUEBLO - 101070,834,537,58,270,2,0,4,15,64.39,6.95,32.37,0.24,0.0,0.48,1.8
PUEBLO - 101071,1050,448,78,490,0,0,0,9,42.67,7.43,46.67,0.0,0.0,0.0,0.86
PUEBLO - 101072,1047,616,6,390,0,11,0,5,58.83,0.57,37.25,0.0,1.05,0.0,0.48
PUEBLO - 101073,751,388,17,343,0,2,0,44,51.66,2.26,45.67,0.0,0.27,0.0,5.86
PUEBLO - 101074,1024,428,43,550,15,0,0,2,41.8,4.2,53.71,1.46,0.0,0.0,0.2
PUEBLO - 101075,1143,370,6,733,11,0,0,3,32.37,0.52,64.13,0.96,0.0,0.0,0.26
PUEBLO - 101076,594,278,25,300,1,0,0,0,46.8,4.21,50.51,0.17,0.0,0.0,0.0
PUEBLO - 101077,764,387,13,342,32,0,0,0,50.65,1.7,44.76,4.19,0.0,0.0,0.0
PUEBLO - 101078,702,367,0,330,0,9,0,0,52.28,0.0,47.01,0.0,1.28,0.0,0.0
PUEBLO - 101079,994,362,0,593,0,2,0,21,36.42,0.0,59.66,0.0,0.2,0.0,2.11
PUEBLO - 101080,1369,520,55,771,0,0,0,27,37.98,4.02,56.32,0.0,0.0,0.0,1.97
PUEBLO - 101081,810,353,3,402,1,0,0,38,43.58,0.37,49.63,0.12,0.0,0.0,4.69
PUEBLO - 101082,1647,939,36,603,0,0,0,77,57.01,2.19,36.61,0.0,0.0,0.0,4.68
PUEBLO - 101083,898,300,2,556,10,0,0,15,33.41,0.22,61.92,1.11,0.0,0.0,1.67
PUEBLO - 101084,1017,341,3,649,6,0,0,6,33.53,0.29,63.82,0.59,0.0,0.0,0.59
PUEBLO - 101085,920,648,50,153,2,0,0,9,70.43,5.43,16.63,0.22,0.0,0.0,0.98
PUEBLO - 101086,1458,846,7,470,105,0,0,26,58.02,0.48,32.24,7.2,0.0,0.0,1.78
PUEBLO - 101087,822,467,21,309,0,0,0,14,56.81,2.55,37.59,0.0,0.0,0.0,1.7
PUEBLO - 101088,1620,986,34,603,0,0,0,7,60.86,2.1,37.22,0.0,0.0,0.0,0.43
PUEBLO - 101101,585,152,0,434,0,0,0,0,25.98,0.0,74.19,0.0,0.0,0.0,0.0
PUEBLO - 101102,917,398,0,533,0,0,0,5,43.4,0.0,58.12,0.0,0.0,0.0,0.55
PUEBLO - 101103,790,464,0,326,0,0,0,0,58.73,0.0,41.27,0.0,0.0,0.0,0.0
PUEBLO - 101104,788,458,0,309,0,0,0,8,58.12,0.0,39.21,0.0,0.0,0.0,1.02
PUEBLO - 101105,1260,719,25,492,0,0,0,35,57.06,1.98,39.05,0.0,0.0,0.0,2.78
PUEBLO - 101106,998,863,0,112,8,0,0,5,86.47,0.0,11.22,0.8,0.0,0.0,0.5
PUEBLO - 101107,1392,971,0,372,0,0,0,29,69.76,0.0,26.72,0.0,0.0,0.0,2.08
PUEBLO - 101108,894,742,0,151,0,0,0,0,83.0,0.0,16.89,0.0,0.0,0.0,0.0
PUEBLO - 101109,770,366,10,394,0,0,0,0,47.53,1.3,51.17,0.0,0.0,0.0,0.0
PUEBLO - 101110,239,196,3,21,6,0,0,4,82.01,1.26,8.79,2.51,0.0,0.0,1.67
PUEBLO - 101111,563,368,0,184,0,0,0,6,65.36,0.0,32.68,0.0,0.0,0.0,1.07
PUEBLO - 101112,365,337,4,31,9,0,0,4,92.33,1.1,8.49,2.47,0.0,0.0,1.1
PUEBLO - 101113,1317,658,0,573,88,3,0,16,49.96,0.0,43.51,6.68,0.23,0.0,1.21
PUEBLO - 101201,2117,1518,4,526,0,13,5,40,71.71,0.19,24.85,0.0,0.61,0.24,1.89
PUEBLO - 101202,1624,1176,16,390,25,0,0,3,72.41,0.99,24.01,1.54,0.0,0.0,0.18
PUEBLO - 101203,1337,978,0,339,0,13,0,14,73.15,0.0,25.36,0.0,0.97,0.0,1.05
PUEBLO - 101204,1184,848,48,222,0,0,0,88,71.62,4.05,18.75,0.0,0.0,0.0,7.43
PUEBLO - 101205,1291,770,11,454,2,16,0,35,59.64,0.85,35.17,0.15,1.24,0.0,2.71
PUEBLO - 101206,1506,904,7,539,3,18,0,37,60.03,0.46,35.79,0.2,1.2,0.0,2.46
PUEBLO - 101207,1437,1063,1,359,0,2,0,16,73.97,0.07,24.98,0.0,0.14,0.0,1.11
PUEBLO - 101208,1608,1009,9,549,2,0,0,22,62.75,0.56,34.14,0.12,0.0,0.0,1.37
PUEBLO - 101209,1248,877,0,336,0,30,0,4,70.27,0.0,26.92,0.0,2.4,0.0,0.32
PUEBLO - 101210,598,464,0,93,0,0,0,26,77.59,0.0,15.55,0.0,0.0,0.0,4.35
PUEBLO - 101211,1208,777,6,432,3,8,0,21,64.32,0.5,35.76,0.25,0.66,0.0,1.74
PUEBLO - 101212,1051,776,3,237,0,29,2,9,73.83,0.29,22.55,0.0,2.76,0.19,0.86
PUEBLO - 101213,1468,970,63,412,0,16,0,6,66.08,4.29,28.07,0.0,1.09,0.0,0.41
PUEBLO - 101214,1956,1368,4,544,0,15,2,13,69.94,0.2,27.81,0.0,0.77,0.1,0.66
PUEBLO - 101215,1141,883,0,213,0,0,0,41,77.39,0.0,18.67,0.0,0.0,0.0,3.59
PUEBLO - 101216,843,655,0,167,0,0,0,23,77.7,0.0,19.81,0.0,0.0,0.0,2.73
PUEBLO - 101217,755,567,0,161,0,0,0,14,75.1,0.0,21.32,0.0,0.0,0.0,1.85
PUEBLO - 101218,1458,1081,0,368,0,4,0,34,74.14,0.0,25.24,0.0,0.27,0.0,2.33
PUEBLO - 101219,1330,995,0,278,0,1,0,64,74.81,0.0,20.9,0.0,0.08,0.0,4.81
PUEBLO - 101220,1202,900,0,243,0,0,0,33,74.88,0.0,20.22,0.0,0.0,0.0,2.75
PUEBLO - 101301,1280,1210,0,55,0,0,4,0,94.53,0.0,4.3,0.0,0.0,0.31,0.0
PUEBLO - 101302,991,761,0,180,0,0,0,45,76.79,0.0,18.16,0.0,0.0,0.0,4.54
PUEBLO - 101303,451,343,0,111,0,0,0,9,76.05,0.0,24.61,0.0,0.0,0.0,2.0
PUEBLO - 101304,576,523,0,58,0,0,0,0,90.8,0.0,10.07,0.0,0.0,0.0,0.0
PUEBLO - 101401,1104,896,0,216,0,0,0,5,81.16,0.0,19.57,0.0,0.0,0.0,0.45
PUEBLO - 101402,697,544,0,149,0,0,0,4,78.05,0.0,21.38,0.0,0.0,0.0,0.57
PUEBLO - 101403,922,813,0,52,0,0,0,55,88.18,0.0,5.64,0.0,0.0,0.0,5.97
RIO BLANCO - 103001,1255,1069,0,127,3,0,0,68,85.18,0.0,10.12,0.24,0.0,0.0,5.42
RIO BLANCO - 103002,846,759,0,55,1,0,0,19,89.72,0.0,6.5,0.12,0.0,0.0,2.25
RIO BLANCO - 103003,1138,1021,0,71,29,7,0,18,89.72,0.0,6.24,2.55,0.62,0.0,1.58
RIO BLANCO - 103004,1435,1311,0,84,4,6,0,24,91.36,0.0,5.85,0.28,0.42,0.0,1.67
RIO BLANCO - 103005,51,49,0,0,0,0,0,0,96.08,0.0,0.0,0.0,0.0,0.0,0.0
RIO GRANDE - 105001,391,240,7,110,0,0,0,40,61.38,1.79,28.13,0.0,0.0,0.0,10.23
RIO GRANDE - 105002,832,569,3,245,0,0,0,20,68.39,0.36,29.45,0.0,0.0,0.0,2.4
RIO GRANDE - 105003,907,692,10,218,0,0,0,12,76.3,1.1,24.04,0.0,0.0,0.0,1.32
RIO GRANDE - 105004,437,118,3,308,7,0,0,12,27.0,0.69,70.48,1.6,0.0,0.0,2.75
RIO GRANDE - 105005,558,412,4,136,0,0,0,5,73.84,0.72,24.37,0.0,0.0,0.0,0.9
RIO GRANDE - 105006,325,264,0,47,16,0,0,8,81.23,0.0,14.46,4.92,0.0,0.0,2.46
RIO GRANDE - 105007,465,341,0,87,7,0,0,28,73.33,0.0,18.71,1.51,0.0,0.0,6.02
RIO GRANDE - 105008,705,389,0,269,3,0,0,13,55.18,0.0,38.16,0.43,0.0,0.0,1.84
RIO GRANDE - 105009,516,141,0,308,14,0,0,55,27.33,0.0,59.69,2.71,0.0,0.0,10.66
RIO GRANDE - 105010,1103,1012,0,64,15,0,0,8,91.75,0.0,5.8,1.36,0.0,0.0,0.73
RIO GRANDE - 105011,577,385,5,174,0,0,0,8,66.72,0.87,30.16,0.0,0.0,0.0,1.39
RIO GRANDE - 105012,383,178,4,205,0,4,0,2,46.48,1.04,53.52,0.0,1.04,0.0,0.52
RIO GRANDE - 105013,347,252,0,78,6,0,0,1,72.62,0.0,22.48,1.73,0.0,0.0,0.29
RIO GRANDE - 105014,352,150,0,160,0,6,0,8,42.61,0.0,45.45,0.0,1.7,0.0,2.27
RIO GRANDE - 105015,800,99,0,652,61,0,0,0,12.38,0.0,81.5,7.62,0.0,0.0,0.0
ROUTT - 107001,857,777,7,34,2,0,0,52,90.67,0.82,3.97,0.23,0.0,0.0,6.07
ROUTT - 107002,654,619,0,20,0,0,0,4,94.65,0.0,3.06,0.0,0.0,0.0,0.61
ROUTT - 107003,896,913,0,16,0,0,0,5,101.9,0.0,1.79,0.0,0.0,0.0,0.56
ROUTT - 107004,652,633,0,7,0,1,0,25,97.09,0.0,1.07,0.0,0.15,0.0,3.83
ROUTT - 107005,1622,1448,0,109,7,19,1,37,89.27,0.0,6.72,0.43,1.17,0.06,2.28
ROUTT - 107006,1252,1195,0,56,0,0,15,12,95.45,0.0,4.47,0.0,0.0,1.2,0.96
ROUTT - 107007,617,554,0,35,4,0,0,2,89.79,0.0,5.67,0.65,0.0,0.0,0.32
ROUTT - 107008,1098,944,0,76,0,0,17,67,85.97,0.0,6.92,0.0,0.0,1.55,6.1
ROUTT - 107009,1208,1086,0,84,18,0,0,20,89.9,0.0,6.95,1.49,0.0,0.0,1.66
ROUTT - 107010,503,393,0,58,11,7,0,35,78.13,0.0,11.53,2.19,1.39,0.0,6.96
ROUTT - 107011,1786,1442,8,232,0,3,0,37,80.74,0.45,12.99,0.0,0.17,0.0,2.07
ROUTT - 107012,538,497,0,16,0,4,0,10,92.38,0.0,2.97,0.0,0.74,0.0,1.86
ROUTT - 107013,1087,1023,0,41,0,0,0,11,94.11,0.0,3.77,0.0,0.0,0.0,1.01
ROUTT - 107014,850,809,0,7,0,0,0,10,95.18,0.0,0.82,0.0,0.0,0.0,1.18
ROUTT - 107015,1673,1595,0,51,0,9,0,50,95.34,0.0,3.05,0.0,0.54,0.0,2.99
ROUTT - 107016,1716,1564,0,116,0,0,0,51,91.14,0.0,6.76,0.0,0.0,0.0,2.97
ROUTT - 107017,1253,1099,0,7,0,89,0,47,87.71,0.0,0.56,0.0,7.1,0.0,3.75
ROUTT - 107018,1827,1705,25,70,0,12,0,24,93.32,1.37,3.83,0.0,0.66,0.0,1.31
SAGUACHE - 109001,1592,1152,0,314,13,34,0,62,72.36,0.0,19.72,0.82,2.14,0.0,3.89
SAGUACHE - 109002,163,147,0,6,3,0,0,0,90.18,0.0,3.68,1.84,0.0,0.0,0.0
SAGUACHE - 109003,236,203,0,11,1,0,0,5,86.02,0.0,4.66,0.42,0.0,0.0,2.12
SAGUACHE - 109004,330,259,0,21,10,21,0,48,78.48,0.0,6.36,3.03,6.36,0.0,14.55
SAGUACHE - 109005,772,678,0,47,0,0,0,54,87.82,0.0,6.09,0.0,0.0,0.0,6.99
SAGUACHE - 109006,902,487,0,373,0,14,0,16,53.99,0.0,41.35,0.0,1.55,0.0,1.77
SAGUACHE - 109007,1241,275,0,895,0,0,0,87,22.16,0.0,72.12,0.0,0.0,0.0,7.01
SAN JUAN - 111001,575,495,0,58,6,0,0,16,86.09,0.0,10.09,1.04,0.0,0.0,2.78
SAN MIGUEL - 113001,1740,1724,0,0,0,0,0,17,99.08,0.0,0.0,0.0,0.0,0.0,0.98
SAN MIGUEL - 113002,1281,1164,0,66,0,0,0,28,90.87,0.0,5.15,0.0,0.0,0.0,2.19
SAN MIGUEL - 113003,593,535,0,32,0,22,0,9,90.22,0.0,5.4,0.0,3.71,0.0,1.52
SAN MIGUEL - 113004,998,922,0,28,0,0,0,33,92.38,0.0,2.81,0.0,0.0,0.0,3.31
SAN MIGUEL - 113005,116,116,0,0,0,0,0,17,100.0,0.0,0.0,0.0,0.0,0.0,14.66
SAN MIGUEL - 113006,1574,1231,81,166,7,27,0,77,78.21,5.15,10.55,0.44,1.72,0.0,4.89
SEDGWICK - 115001,443,384,22,39,0,0,3,4,86.68,4.97,8.8,0.0,0.0,0.68,0.9
SEDGWICK - 115002,332,260,0,38,0,4,0,27,78.31,0.0,11.45,0.0,1.2,0.0,8.13
SEDGWICK - 115003,349,265,0,77,0,0,0,15,75.93,0.0,22.06,0.0,0.0,0.0,4.3
SEDGWICK - 115004,279,208,0,49,0,12,0,2,74.55,0.0,17.56,0.0,4.3,0.0,0.72
SEDGWICK - 115005,329,276,0,40,0,0,1,6,83.89,0.0,12.16,0.0,0.0,0.3,1.82
SUMMIT - 117001,1396,1336,0,53,0,0,0,0,95.7,0.0,3.8,0.0,0.0,0.0,0.0
SUMMIT - 117002,1246,930,8,173,8,84,35,13,74.64,0.64,13.88,0.64,6.74,2.81,1.04
SUMMIT - 117003,793,779,0,18,3,0,0,0,98.23,0.0,2.27,0.38,0.0,0.0,0.0
SUMMIT - 117004,1463,1360,0,35,4,33,0,40,92.96,0.0,2.39,0.27,2.26,0.0,2.73
SUMMIT - 117005,1800,1792,0,3,0,0,0,0,99.56,0.0,0.17,0.0,0.0,0.0,0.0
SUMMIT - 117006,1265,917,28,297,0,0,0,7,72.49,2.21,23.48,0.0,0.0,0.0,0.55
SUMMIT - 117007,1280,861,36,343,0,0,0,41,67.27,2.81,26.8,0.0,0.0,0.0,3.2
SUMMIT - 117008,485,407,27,36,0,21,0,0,83.92,5.57,7.42,0.0,4.33,0.0,0.0
SUMMIT - 117009,2020,1549,0,463,0,0,0,4,76.68,0.0,22.92,0.0,0.0,0.0,0.2
SUMMIT - 117010,916,916,0,19,7,0,0,48,100.0,0.0,2.07,0.76,0.0,0.0,5.24
SUMMIT - 117011,778,627,0,65,0,0,1,5,80.59,0.0,8.35,0.0,0.0,0.13,0.64
SUMMIT - 117012,446,452,0,0,0,0,3,0,101.35,0.0,0.0,0.0,0.0,0.67,0.0
SUMMIT - 117013,1287,1244,0,0,0,0,41,0,96.66,0.0,0.0,0.0,0.0,3.19,0.0
SUMMIT - 117014,1229,926,0,290,0,0,0,0,75.35,0.0,23.6,0.0,0.0,0.0,0.0
SUMMIT - 117015,924,844,0,54,0,7,0,18,91.34,0.0,5.84,0.0,0.76,0.0,1.95
SUMMIT - 117016,1104,1005,0,54,12,22,0,26,91.03,0.0,4.89,1.09,1.99,0.0,2.36
SUMMIT - 117017,1347,1291,0,5,0,0,0,38,95.84,0.0,0.37,0.0,0.0,0.0,2.82
SUMMIT - 117018,1288,1111,0,9,20,0,0,139,86.26,0.0,0.7,1.55,0.0,0.0,10.79
SUMMIT - 117019,1605,1487,0,73,0,56,0,1,92.65,0.0,4.55,0.0,3.49,0.0,0.06
SUMMIT - 117020,1722,1324,0,410,0,0,0,0,76.89,0.0,23.81,0.0,0.0,0.0,0.0
TELLER - 119001,1415,1331,0,42,0,0,0,63,94.06,0.0,2.97,0.0,0.0,0.0,4.45
TELLER - 119002,1367,1232,41,101,0,0,0,7,90.12,3.0,7.39,0.0,0.0,0.0,0.51
TELLER - 119003,2080,1850,0,164,0,0,13,48,88.94,0.0,7.88,0.0,0.0,0.62,2.31
TELLER - 119004,1976,1682,0,59,0,0,0,296,85.12,0.0,2.99,0.0,0.0,0.0,14.98
TELLER - 119005,1045,983,5,46,0,0,0,4,94.07,0.48,4.4,0.0,0.0,0.0,0.38
TELLER - 119006,580,498,0,31,0,0,0,50,85.86,0.0,5.34,0.0,0.0,0.0,8.62
TELLER - 119007,2045,1803,0,179,0,0,0,67,88.17,0.0,8.75,0.0,0.0,0.0,3.28
TELLER - 119008,1524,1350,0,51,0,22,0,31,88.58,0.0,3.35,0.0,1.44,0.0,2.03
TELLER - 119009,1621,1469,6,70,0,16,0,40,90.62,0.37,4.32,0.0,0.99,0.0,2.47
TELLER - 119010,1693,1572,0,118,0,0,0,7,92.85,0.0,6.97,0.0,0.0,0.0,0.41
TELLER - 119011,2177,1880,0,163,0,0,0,77,86.36,0.0,7.49,0.0,0.0,0.0,3.54
TELLER - 119012,1926,1656,0,168,0,33,0,118,85.98,0.0,8.72,0.0,1.71,0.0,6.13
TELLER - 119013,1315,1033,74,161,0,0,0,54,78.56,5.63,12.24,0.0,0.0,0.0,4.11
WASHINGTON - 121001,152,144,0,8,0,2,0,0,94.74,0.0,5.26,0.0,1.32,0.0,0.0
WASHINGTON - 121002,1931,1701,21,150,0,17,0,36,88.09,1.09,7.77,0.0,0.88,0.0,1.86
WASHINGTON - 121003,186,160,12,16,0,0,0,1,86.02,6.45,8.6,0.0,0.0,0.0,0.54
WASHINGTON - 121004,702,585,4,102,0,0,0,8,83.33,0.57,14.53,0.0,0.0,0.0,1.14
WASHINGTON - 121005,261,263,2,2,0,0,0,6,100.77,0.77,0.77,0.0,0.0,0.0,2.3
WASHINGTON - 121006,408,379,2,13,0,0,0,6,92.89,0.49,3.19,0.0,0.0,0.0,1.47
WELD - 123100,1649,1475,0,84,79,0,7,34,89.45,0.0,5.09,4.79,0.0,0.42,2.06
WELD - 123101,344,311,0,26,0,0,0,4,90.41,0.0,7.56,0.0,0.0,0.0,1.16
WELD - 123102,282,269,0,8,0,0,0,4,95.39,0.0,2.84,0.0,0.0,0.0,1.42
WELD - 123103,492,458,0,11,0,1,0,23,93.09,0.0,2.24,0.0,0.2,0.0,4.67
WELD - 123104,1049,974,0,50,0,1,0,30,92.85,0.0,4.77,0.0,0.1,0.0,2.86
WELD - 123105,2713,892,48,1708,14,2,4,33,32.88,1.77,62.96,0.52,0.07,0.15,1.22
WELD - 123106,2874,865,0,1942,6,16,0,54,30.1,0.0,67.57,0.21,0.56,0.0,1.88
WELD - 123107,2010,763,175,1000,14,19,5,10,37.96,8.71,49.75,0.7,0.95,0.25,0.5
WELD - 123108,1889,1110,14,623,0,94,0,48,58.76,0.74,32.98,0.0,4.98,0.0,2.54
WELD - 123109,1828,1133,0,657,0,38,0,0,61.98,0.0,35.94,0.0,2.08,0.0,0.0
WELD - 123110,1503,845,133,492,0,3,1,47,56.22,8.85,32.73,0.0,0.2,0.07,3.13
WELD - 123111,1928,1292,15,572,0,0,0,42,67.01,0.78,29.67,0.0,0.0,0.0,2.18
WELD - 123112,2113,1420,86,595,1,13,8,32,67.2,4.07,28.16,0.05,0.62,0.38,1.51
WELD - 123113,2246,1474,71,601,5,13,0,60,65.63,3.16,26.76,0.22,0.58,0.0,2.67
WELD - 123114,1272,1042,0,218,0,19,0,0,81.92,0.0,17.14,0.0,1.49,0.0,0.0
WELD - 123115,1313,1219,0,90,10,0,11,11,92.84,0.0,6.85,0.76,0.0,0.84,0.84
WELD - 123116,980,963,0,17,0,0,0,6,98.27,0.0,1.73,0.0,0.0,0.0,0.61
WELD - 123117,1752,1505,0,191,2,1,0,41,85.9,0.0,10.9,0.11,0.06,0.0,2.34
WELD - 123118,1397,1231,0,118,13,1,11,22,88.12,0.0,8.45,0.93,0.07,0.79,1.57
WELD - 123119,843,720,0,98,19,0,0,0,85.41,0.0,11.63,2.25,0.0,0.0,0.0
WELD - 123120,333,286,0,32,0,0,0,11,85.89,0.0,9.61,0.0,0.0,0.0,3.3
WELD - 123121,2995,2709,26,186,0,51,0,11,90.45,0.87,6.21,0.0,1.7,0.0,0.37
WELD - 123122,1072,817,5,219,9,9,0,5,76.21,0.47,20.43,0.84,0.84,0.0,0.47
WELD - 123123,1902,1446,25,422,0,0,0,32,76.03,1.31,22.19,0.0,0.0,0.0,1.68
WELD - 123124,1416,982,0,361,0,64,0,23,69.35,0.0,25.49,0.0,4.52,0.0,1.62
WELD - 123125,869,760,0,86,4,19,0,0,87.46,0.0,9.9,0.46,2.19,0.0,0.0
WELD - 123126,2030,1727,0,247,0,6,0,26,85.07,0.0,12.17,0.0,0.3,0.0,1.28
WELD - 123127,1887,1375,0,458,13,0,0,38,72.87,0.0,24.27,0.69,0.0,0.0,2.01
WELD - 123128,804,758,0,34,0,0,0,22,94.28,0.0,4.23,0.0,0.0,0.0,2.74
WELD - 123129,262,232,0,23,0,4,0,17,88.55,0.0,8.78,0.0,1.53,0.0,6.49
WELD - 123130,2983,2538,65,295,0,0,19,68,85.08,2.18,9.89,0.0,0.0,0.64,2.28
WELD - 123131,1607,1414,0,157,2,16,0,5,87.99,0.0,9.77,0.12,1.0,0.0,0.31
WELD - 123132,1544,885,13,564,10,0,0,66,57.32,0.84,36.53,0.65,0.0,0.0,4.27
WELD - 123133,2247,1863,0,219,0,76,0,82,82.91,0.0,9.75,0.0,3.38,0.0,3.65
WELD - 123134,2057,1481,0,478,3,20,0,69,72.0,0.0,23.24,0.15,0.97,0.0,3.35
WELD - 123135,1097,844,0,206,20,10,0,18,76.94,0.0,18.78,1.82,0.91,0.0,1.64
WELD - 123136,1229,679,0,511,0,35,0,12,55.25,0.0,41.58,0.0,2.85,0.0,0.98
WELD - 123137,2200,1003,95,976,0,45,35,48,45.59,4.32,44.36,0.0,2.05,1.59,2.18
WELD - 123138,3662,2848,0,686,9,65,0,81,77.77,0.0,18.73,0.25,1.77,0.0,2.21
WELD - 123139,1569,1433,0,54,0,60,0,16,91.33,0.0,3.44,0.0,3.82,0.0,1.02
WELD - 123140,1616,1501,9,57,0,10,0,39,92.88,0.56,3.53,0.0,0.62,0.0,2.41
WELD - 123141,2006,713,0,1153,38,9,0,11,35.54,0.0,57.48,1.89,0.45,0.0,0.55
WELD - 123142,548,463,0,37,0,0,0,48,84.49,0.0,6.75,0.0,0.0,0.0,8.76
WELD - 123143,2963,2361,95,338,0,54,5,124,79.68,3.21,11.41,0.0,1.82,0.17,4.18
WELD - 123144,944,861,0,69,0,0,0,1,91.21,0.0,7.31,0.0,0.0,0.0,0.11
WELD - 123145,13,12,0,0,0,0,0,0,92.31,0.0,0.0,0.0,0.0,0.0,0.0
WELD - 123146,946,223,149,581,0,23,0,0,23.57,15.75,61.42,0.0,2.43,0.0,0.0
WELD - 123147,850,259,11,517,0,0,0,9,30.47,1.29,60.82,0.0,0.0,0.0,1.06
WELD - 123148,1204,1002,0,146,7,0,0,27,83.22,0.0,12.13,0.58,0.0,0.0,2.24
WELD - 123149,728,560,0,140,0,9,0,4,76.92,0.0,19.23,0.0,1.24,0.0,0.55
WELD - 123150,939,670,0,228,0,8,0,10,71.35,0.0,24.28,0.0,0.85,0.0,1.06
WELD - 123151,1436,1023,0,410,0,9,0,0,71.24,0.0,28.55,0.0,0.63,0.0,0.0
WELD - 123152,602,539,0,51,0,0,0,12,89.53,0.0,8.47,0.0,0.0,0.0,1.99
WELD - 123153,1437,1169,0,227,1,14,0,14,81.35,0.0,15.8,0.07,0.97,0.0,0.97
WELD - 123200,1762,1307,0,372,0,38,0,53,74.18,0.0,21.11,0.0,2.16,0.0,3.01
WELD - 123202,616,499,0,112,0,0,0,2,81.01,0.0,18.18,0.0,0.0,0.0,0.32
WELD - 123203,1393,1197,0,158,0,43,0,26,85.93,0.0,11.34,0.0,3.09,0.0,1.87
WELD - 123204,1226,932,0,252,0,26,0,24,76.02,0.0,20.55,0.0,2.12,0.0,1.96
WELD - 123205,1778,1046,14,604,0,143,0,19,58.83,0.79,33.97,0.0,8.04,0.0,1.07
WELD - 123206,868,753,0,101,0,0,0,14,86.75,0.0,11.64,0.0,0.0,0.0,1.61
WELD - 123207,2513,1615,77,444,0,290,0,102,64.27,3.06,17.67,0.0,11.54,0.0,4.06
WELD - 123208,1225,992,0,98,0,84,0,44,80.98,0.0,8.0,0.0,6.86,0.0,3.59
WELD - 123209,1713,1287,0,398,10,0,0,19,75.13,0.0,23.23,0.58,0.0,0.0,1.11
WELD - 123210,1573,1226,11,238,0,65,0,44,77.94,0.7,15.13,0.0,4.13,0.0,2.8
WELD - 123211,1571,933,0,558,29,0,0,45,59.39,0.0,35.52,1.85,0.0,0.0,2.86
WELD - 123212,1682,1316,7,299,9,19,0,23,78.24,0.42,17.78,0.54,1.13,0.0,1.37
WELD - 123213,2864,1896,48,796,27,22,0,87,66.2,1.68,27.79,0.94,0.77,0.0,3.04
WELD - 123214,1383,1146,0,212,4,0,0,2,82.86,0.0,15.33,0.29,0.0,0.0,0.14
WELD - 123215,1360,1042,0,324,0,0,0,13,76.62,0.0,23.82,0.0,0.0,0.0,0.96
WELD - 123216,972,805,0,65,0,72,0,30,82.82,0.0,6.69,0.0,7.41,0.0,3.09
WELD - 123217,1772,1184,29,504,0,2,0,58,66.82,1.64,28.44,0.0,0.11,0.0,3.27
WELD - 123218,3219,2300,39,696,22,92,0,80,71.45,1.21,21.62,0.68,2.86,0.0,2.49
WELD - 123219,1268,884,0,323,13,35,0,0,69.72,0.0,25.47,1.03,2.76,0.0,0.0
WELD - 123220,951,732,32,167,0,0,0,16,76.97,3.36,17.56,0.0,0.0,0.0,1.68
WELD - 123221,1372,1082,5,270,0,10,0,0,78.86,0.36,19.68,0.0,0.73,0.0,0.0
WELD - 123222,1830,1430,0,398,0,0,0,17,78.14,0.0,21.75,0.0,0.0,0.0,0.93
WELD - 123223,1378,1092,29,198,0,10,8,42,79.25,2.1,14.37,0.0,0.73,0.58,3.05
WELD - 123224,728,399,0,320,5,0,0,4,54.81,0.0,43.96,0.69,0.0,0.0,0.55
WELD - 123225,1456,1195,0,242,0,17,0,12,82.07,0.0,16.62,0.0,1.17,0.0,0.82
WELD - 123226,801,533,0,263,0,5,0,0,66.54,0.0,32.83,0.0,0.62,0.0,0.0
WELD - 123227,1657,1533,6,125,0,10,1,8,92.52,0.36,7.54,0.0,0.6,0.06,0.48
WELD - 123228,2716,2138,0,567,20,0,0,4,78.72,0.0,20.88,0.74,0.0,0.0,0.15
WELD - 123229,1096,1045,0,23,0,5,0,22,95.35,0.0,2.1,0.0,0.46,0.0,2.01
WELD - 123230,1012,857,20,103,0,0,3,19,84.68,1.98,10.18,0.0,0.0,0.3,1.88
WELD - 123231,389,353,5,24,0,0,0,9,90.75,1.29,6.17,0.0,0.0,0.0,2.31
WELD - 123232,1156,960,0,227,0,12,24,22,83.04,0.0,19.64,0.0,1.04,2.08,1.9
WELD - 123233,3039,1813,12,1142,26,0,0,64,59.66,0.39,37.58,0.86,0.0,0.0,2.11
WELD - 123234,1484,888,44,475,0,11,0,10,59.84,2.96,32.01,0.0,0.74,0.0,0.67
WELD - 123235,1150,727,8,389,0,0,1,24,63.22,0.7,33.83,0.0,0.0,0.09,2.09
WELD - 123236,2138,1417,0,680,6,2,0,40,66.28,0.0,31.81,0.28,0.09,0.0,1.87
WELD - 123237,2412,1814,33,376,6,73,0,82,75.21,1.37,15.59,0.25,3.03,0.0,3.4
WELD - 123238,1760,1456,0,291,0,0,0,14,82.73,0.0,16.53,0.0,0.0,0.0,0.8
WELD - 123239,946,749,0,148,0,9,0,33,79.18,0.0,15.64,0.0,0.95,0.0,3.49
WELD - 123240,1976,1677,0,263,0,0,0,32,84.87,0.0,13.31,0.0,0.0,0.0,1.62
WELD - 123241,941,737,0,164,0,27,0,19,78.32,0.0,17.43,0.0,2.87,0.0,2.02
WELD - 123242,2490,1756,83,584,7,22,0,29,70.52,3.33,23.45,0.28,0.88,0.0,1.16
WELD - 123243,1534,1340,0,171,4,6,0,12,87.35,0.0,11.15,0.26,0.39,0.0,0.78
WELD - 123244,1873,1612,17,144,0,50,0,35,86.07,0.91,7.69,0.0,2.67,0.0,1.87
WELD - 123245,2242,1698,0,471,0,60,0,16,75.74,0.0,21.01,0.0,2.68,0.0,0.71
WELD - 123246,3160,2301,0,748,24,0,0,74,72.82,0.0,23.67,0.76,0.0,0.0,2.34
WELD - 123247,1082,696,62,324,0,0,0,0,64.33,5.73,29.94,0.0,0.0,0.0,0.0
WELD - 123248,1444,898,0,488,0,20,0,27,62.19,0.0,33.8,0.0,1.39,0.0,1.87
WELD - 123249,1962,1236,19,623,12,21,0,40,63.0,0.97,31.75,0.61,1.07,0.0,2.04
WELD - 123250,1360,948,0,412,0,0,0,0,69.71,0.0,30.29,0.0,0.0,0.0,0.0
WELD - 123251,773,605,0,137,0,0,0,12,78.27,0.0,17.72,0.0,0.0,0.0,1.55
WELD - 123252,1373,1138,0,145,0,14,0,8,82.88,0.0,10.56,0.0,1.02,0.0,0.58
WELD - 123253,1024,844,8,127,0,22,0,11,82.42,0.78,12.4,0.0,2.15,0.0,1.07
WELD - 123254,749,665,0,51,0,13,0,19,88.79,0.0,6.81,0.0,1.74,0.0,2.54
WELD - 123255,2199,1692,0,385,2,104,0,4,76.94,0.0,17.51,0.09,4.73,0.0,0.18
WELD - 123300,2175,1289,4,790,48,0,6,17,59.26,0.18,36.32,2.21,0.0,0.28,0.78
WELD - 123301,2072,719,0,1271,23,13,0,18,34.7,0.0,61.34,1.11,0.63,0.0,0.87
WELD - 123302,2522,1244,0,1211,7,0,0,55,49.33,0.0,48.02,0.28,0.0,0.0,2.18
WELD - 123303,895,601,0,253,0,0,0,14,67.15,0.0,28.27,0.0,0.0,0.0,1.56
WELD - 123304,2040,1155,25,761,7,50,0,106,56.62,1.23,37.3,0.34,2.45,0.0,5.2
WELD - 123305,1392,1175,4,143,0,68,4,0,84.41,0.29,10.27,0.0,4.89,0.29,0.0
WELD - 123306,1345,1135,4,152,16,19,0,19,84.39,0.3,11.3,1.19,1.41,0.0,1.41
WELD - 123307,4692,3924,0,478,10,164,11,111,83.63,0.0,10.19,0.21,3.5,0.23,2.37
WELD - 123308,915,813,0,97,5,2,0,0,88.85,0.0,10.6,0.55,0.22,0.0,0.0
WELD - 123309,1000,721,0,236,3,2,0,40,72.1,0.0,23.6,0.3,0.2,0.0,4.0
WELD - 123310,974,682,9,267,0,0,0,4,70.02,0.92,27.41,0.0,0.0,0.0,0.41
WELD - 123311,1811,1412,0,365,5,0,0,10,77.97,0.0,20.15,0.28,0.0,0.0,0.55
WELD - 123312,455,374,0,68,0,22,0,7,82.2,0.0,14.95,0.0,4.84,0.0,1.54
WELD - 123313,755,582,11,140,0,0,0,1,77.09,1.46,18.54,0.0,0.0,0.0,0.13
WELD - 123314,2477,1455,271,755,21,0,0,10,58.74,10.94,30.48,0.85,0.0,0.0,0.4
WELD - 123315,0,0,0,0,0,0,0,0,0.0,0.0,0.0,0.0,0.0,0.0,0.0
WELD - 123316,1272,1136,0,138,5,0,4,36,89.31,0.0,10.85,0.39,0.0,0.31,2.83
WELD - 123317,3130,2136,159,661,32,25,0,85,68.24,5.08,21.12,1.02,0.8,0.0,2.72
WELD - 123318,1470,779,11,692,0,0,0,8,52.99,0.75,47.07,0.0,0.0,0.0,0.54
WELD - 123319,2326,1449,62,814,14,0,0,33,62.3,2.67,35.0,0.6,0.0,0.0,1.42
WELD - 123320,1120,897,0,203,11,0,0,0,80.09,0.0,18.12,0.98,0.0,0.0,0.0
WELD - 123321,2082,979,0,994,0,52,0,33,47.02,0.0,47.74,0.0,2.5,0.0,1.59
WELD - 123322,2349,1091,41,855,0,23,15,134,46.45,1.75,36.4,0.0,0.98,0.64,5.7
WELD - 123323,2013,1086,0,851,0,14,4,48,53.95,0.0,42.28,0.0,0.7,0.2,2.38
WELD - 123324,2881,1813,0,970,15,49,0,31,62.93,0.0,33.67,0.52,1.7,0.0,1.08
WELD - 123325,1907,1409,78,430,0,7,0,206,73.89,4.09,22.55,0.0,0.37,0.0,10.8
WELD - 123326,1499,1037,11,396,0,0,0,56,69.18,0.73,26.42,0.0,0.0,0.0,3.74
WELD - 123327,2783,1841,65,787,58,0,0,13,66.15,2.34,28.28,2.08,0.0,0.0,0.47
WELD - 123328,488,383,0,82,4,13,0,5,78.48,0.0,16.8,0.82,2.66,0.0,1.02
WELD - 123329,1754,1052,0,713,0,0,0,0,59.98,0.0,40.65,0.0,0.0,0.0,0.0
WELD - 123330,1420,743,25,548,0,52,0,24,52.32,1.76,38.59,0.0,3.66,0.0,1.69
WELD - 123331,1724,1020,6,663,2,0,3,18,59.16,0.35,38.46,0.12,0.0,0.17,1.04
WELD - 123332,926,809,0,35,0,22,20,53,87.37,0.0,3.78,0.0,2.38,2.16,5.72
WELD - 123333,1156,688,131,356,0,24,0,12,59.52,11.33,30.8,0.0,2.08,0.0,1.04
WELD - 123334,2193,1785,0,287,0,42,0,82,81.4,0.0,13.09,0.0,1.92,0.0,3.74
WELD - 123335,1697,1599,0,82,7,20,0,22,94.23,0.0,4.83,0.41,1.18,0.0,1.3
WELD - 123336,836,617,0,165,0,30,0,4,73.8,0.0,19.74,0.0,3.59,0.0,0.48
WELD - 123337,1543,1099,12,386,0,5,0,17,71.22,0.78,25.02,0.0,0.32,0.0,1.1
WELD - 123338,55,78,0,3,0,0,0,0,141.82,0.0,5.45,0.0,0.0,0.0,0.0
WELD - 123339,2274,1731,3,324,4,136,0,85,76.12,0.13,14.25,0.18,5.98,0.0,3.74
WELD - 123340,2594,1822,33,592,7,106,0,36,70.24,1.27,22.82,0.27,4.09,0.0,1.39
WELD - 123341,1556,939,0,526,0,9,0,62,60.35,0.0,33.8,0.0,0.58,0.0,3.98
WELD - 123342,1239,935,13,234,12,0,0,6,75.46,1.05,18.89,0.97,0.0,0.0,0.48
WELD - 123343,1012,516,25,380,0,65,0,29,50.99,2.47,37.55,0.0,6.42,0.0,2.87
WELD - 123344,1124,1025,0,9,0,45,0,29,91.19,0.0,0.8,0.0,4.0,0.0,2.58
WELD - 123345,1548,1178,84,315,5,0,0,19,76.1,5.43,20.35,0.32,0.0,0.0,1.23
WELD - 123346,1601,1379,14,106,0,68,0,29,86.13,0.87,6.62,0.0,4.25,0.0,1.81
YUMA - 125001,376,349,0,15,0,0,0,0,92.82,0.0,3.99,0.0,0.0,0.0,0.0
YUMA - 125002,629,523,12,68,21,0,0,9,83.15,1.91,10.81,3.34,0.0,0.0,1.43
YUMA - 125003,276,245,0,8,2,0,0,0,88.77,0.0,2.9,0.72,0.0,0.0,0.0
YUMA - 125004,865,716,0,126,7,0,0,0,82.77,0.0,14.57,0.81,0.0,0.0,0.0
YUMA - 125005,208,209,0,1,2,0,0,10,100.48,0.0,0.48,0.96,0.0,0.0,4.81
YUMA - 125006,610,537,1,59,0,0,0,0,88.03,0.16,9.67,0.0,0.0,0.0,0.0
YUMA - 125007,79,80,0,0,0,0,0,0,101.27,0.0,0.0,0.0,0.0,0.0,0.0
YUMA - 125008,148,149,1,2,0,0,0,0,100.68,0.68,1.35,0.0,0.0,0.0,0.0
YUMA - 125009,334,300,4,15,0,0,0,0,89.82,1.2,4.49,0.0,0.0,0.0,0.0
YUMA - 125010,414,367,0,22,0,0,0,48,88.65,0.0,5.31,0.0,0.0,0.0,11.59
YUMA - 125011,772,446,0,289,30,0,0,1,57.77,0.0,37.44,3.89,0.0,0.0,0.13
YUMA - 125012,411,390,0,16,0,0,0,41,94.89,0.0,3.89,0.0,0.0,0.0,9.98
YUMA - 125013,567,431,3,92,8,0,0,0,76.01,0.53,16.23,1.41,0.0,0.0,0.0
YUMA - 125014,506,448,2,84,6,0,0,0,88.54,0.4,16.6,1.19,0.0,0.0,0.0
